,CHOPER,CHFLTN,CHOPERD,CHSTOL,CHPTOL,CHAORD,CHLOC1,CHLOC1D,CHLOC1TH,CHLOC1T,CHLOC1CH,CHLOCCT,CHTERM,CHCINT,CHCKZN,CHRMINE,CHRMINH
0,EK,2370,EMIRATES,2024-02-12T10:10:00,2024-02-12T11:03:00,D,DXB,DUBAI,דובאי,DUBAI,איחוד האמירויות הערב,UNITED ARAB EMIRATES,3,49-55,B,DEPARTED,המריאה
1,FZ,1550,FLYDUBAI,2024-02-12T10:10:00,2024-02-12T11:03:00,D,DXB,DUBAI,דובאי,DUBAI,איחוד האמירויות הערב,UNITED ARAB EMIRATES,3,49-55,B,DEPARTED,המריאה
3,A4,5026,AZIMUTH AIRLINES,2024-02-12T11:05:00,2024-02-12T11:31:00,D,AER,SOCHI,סוצ'י,SOCHI,רוסיה,RUSSIAN FEDERATION,3,39-41,B,DEPARTED,המריאה
4,IZ,413,ARKIA  ISRAELI  AIRLINES,2024-02-12T11:10:00,2024-02-12T11:34:00,D,BUS,BATUMI,בטומי,BATUMI,גיאורגיה,GEORGIA,3,60-64,C,DEPARTED,המריאה
9,LY,613,EL AL ISRAEL AIRLINES,2024-02-12T11:45:00,2024-02-12T12:08:00,D,DME,MOSCOW-DOMODEDOVO,מוסקבה,MOSCOW,רוסיה,RUSSIAN FEDERATION,3,78-99,D,DEPARTED,המריאה
10,AA,9261,AMERICAN AIRLINES,2024-02-12T09:15:00,2024-02-12T12:11:00,D,LHR,LONDON - HEATHROW,לונדון,LONDON,בריטניה,UNITED KINGDOM,3,78-99,D,DEPARTED,המריאה
11,AM,7863,AERO MEXICO,2024-02-12T09:15:00,2024-02-12T12:11:00,D,LHR,LONDON - HEATHROW,לונדון,LONDON,בריטניה,UNITED KINGDOM,3,78-99,D,DEPARTED,המריאה
12,LY,315,EL AL ISRAEL AIRLINES,2024-02-12T09:15:00,2024-02-12T12:11:00,D,LHR,LONDON - HEATHROW,לונדון,LONDON,בריטניה,UNITED KINGDOM,3,78-99,D,DEPARTED,המריאה
13,SK,3181,SAS,2024-02-12T09:15:00,2024-02-12T12:11:00,D,LHR,LONDON - HEATHROW,לונדון,LONDON,בריטניה,UNITED KINGDOM,3,78-99,D,DEPARTED,המריאה
15,LY,973,EL AL ISRAEL AIRLINES,2024-02-12T11:50:00,2024-02-12T12:16:00,D,DXB,DUBAI,דובאי,DUBAI,איחוד האמירויות הערב,UNITED ARAB EMIRATES,3,78-99,D,DEPARTED,המריאה
16,6H,047,ISRAIR AIRLINES,2024-02-12T11:45:00,2024-02-12T12:19:00,D,ETM,RAMON,אילת - רמון,RAMON,ישראל,ISRAEL,3,G1-G6,G,DEPARTED,המריאה
18,HY,302,UZBEKISTAN AIR,2024-02-12T12:35:00,2024-02-12T12:50:00,D,TAS,TASHKENT,טשקנט,TASHKENT,אוזבקיסטן,UZBEKISTAN,3,70-74,C,DEPARTED,המריאה
23,FR,1843,RYANAIR,2024-02-12T12:10:00,2024-02-12T13:01:00,D,FKB,BADEN BADEN,באדן באדן,BADEN BADEN,גרמניה,GERMANY,3,56-59,C,DEPARTED,המריאה
24,BZ,112,BLUE BIRD AIRWAYS,2024-02-12T12:40:00,2024-02-12T13:02:00,D,LCA,LARNACA,לרנקה,LARNACA,קפריסין,CYPRUS,3,36-38,B,DEPARTED,המריאה
25,EK,2451,EMIRATES,2024-02-12T11:35:00,2024-02-12T13:12:00,D,DXB,DUBAI,דובאי,DUBAI,איחוד האמירויות הערב,UNITED ARAB EMIRATES,3,49-55,B,DEPARTED,המריאה
26,FZ,1082,FLYDUBAI,2024-02-12T11:35:00,2024-02-12T13:12:00,D,DXB,DUBAI,דובאי,DUBAI,איחוד האמירויות הערב,UNITED ARAB EMIRATES,3,49-55,B,DEPARTED,המריאה
30,LY,011,EL AL ISRAEL AIRLINES,2024-02-12T13:00:00,2024-02-12T13:23:00,D,JFK,NEW YORK - J.F.KENNEDY,ניו יורק,NEW YORK,ארצות הברית,UNITED STATES,3,78-99,D,DEPARTED,המריאה
31,A3,927,AEGEAN  AIRLINES,2024-02-12T12:50:00,2024-02-12T13:32:00,D,ATH,ATHENS,אתונה,ATHENS,יוון,GREECE,3,66-69,C,DEPARTED,המריאה
32,EK,4978,EMIRATES,2024-02-12T12:50:00,2024-02-12T13:32:00,D,ATH,ATHENS,אתונה,ATHENS,יוון,GREECE,3,66-69,C,DEPARTED,המריאה
33,FB,1514,BULGARIA  AIR,2024-02-12T12:50:00,2024-02-12T13:32:00,D,ATH,ATHENS,אתונה,ATHENS,יוון,GREECE,3,66-69,C,DEPARTED,המריאה
34,JU,7621,AIR SERBIA,2024-02-12T12:50:00,2024-02-12T13:32:00,D,ATH,ATHENS,אתונה,ATHENS,יוון,GREECE,3,66-69,C,DEPARTED,המריאה
37,IZ,815,ARKIA  ISRAELI  AIRLINES,2024-02-12T13:20:00,2024-02-12T13:49:00,D,ETM,RAMON,אילת - רמון,RAMON,ישראל,ISRAEL,3,G12-G18,G,DEPARTED,המריאה
47,LY,375,EL AL ISRAEL AIRLINES,2024-02-12T13:40:00,2024-02-12T14:09:00,D,LIS,LISBON,ליסבון,LISBON,פורטוגל,PORTUGAL,3,78-99,D,DEPARTED,המריאה
48,TP,8920,AIR PORTUGAL,2024-02-12T13:40:00,2024-02-12T14:09:00,D,LIS,LISBON,ליסבון,LISBON,פורטוגל,PORTUGAL,3,78-99,D,DEPARTED,המריאה
50,EY,594,ETIHAD AIRWAYS,2024-02-12T13:00:00,2024-02-12T14:16:00,D,AUH,ABU DHABI,אבו דאבי,ABU DHABI,איחוד האמירויות הערב,UNITED ARAB EMIRATES,3,42-48,B,DEPARTED,המריאה
51,LY,9601,EL AL ISRAEL AIRLINES,2024-02-12T13:00:00,2024-02-12T14:16:00,D,AUH,ABU DHABI,אבו דאבי,ABU DHABI,איחוד האמירויות הערב,UNITED ARAB EMIRATES,3,42-48,B,DEPARTED,המריאה
52,EK,2364,EMIRATES,2024-02-12T12:55:00,2024-02-12T14:29:00,D,DXB,DUBAI,דובאי,DUBAI,איחוד האמירויות הערב,UNITED ARAB EMIRATES,3,49-55,B,DEPARTED,המריאה
53,FZ,1212,FLYDUBAI,2024-02-12T12:55:00,2024-02-12T14:29:00,D,DXB,DUBAI,דובאי,DUBAI,איחוד האמירויות הערב,UNITED ARAB EMIRATES,3,49-55,B,DEPARTED,המריאה
55,BZ,702,BLUE BIRD AIRWAYS,2024-02-12T14:30:00,2024-02-12T14:40:00,D,ATH,ATHENS,אתונה,ATHENS,יוון,GREECE,3,34-36,B,DEPARTED,המריאה
57,LY,5107,EL AL ISRAEL AIRLINES,2024-02-12T14:35:00,2024-02-12T14:49:00,D,TBS,TBILISI,טביליסי,TBILISI,גיאורגיה,GEORGIA,3,78-99,D,DEPARTED,המריאה
62,LY,5101,EL AL ISRAEL AIRLINES,2024-02-12T14:30:00,2024-02-12T14:54:00,D,WAW,WARSAW,ורשה,WARSAW,פולין,POLAND,3,78-99,D,DEPARTED,המריאה
64,6H,583,ISRAIR AIRLINES,2024-02-12T15:00:00,2024-02-12T15:10:00,D,LCA,LARNACA,לרנקה,LARNACA,קפריסין,CYPRUS,3,69-72,C,DEPARTED,המריאה
73,LY,387,EL AL ISRAEL AIRLINES,2024-02-12T15:45:00,2024-02-12T15:57:00,D,MXP,MILAN-MALPENSA,מילאנו,MILAN,איטליה,ITALY,3,78-99,D,DEPARTED,המריאה
74,SK,3183,SAS,2024-02-12T15:45:00,2024-02-12T15:57:00,D,MXP,MILAN-MALPENSA,מילאנו,MILAN,איטליה,ITALY,3,78-99,D,DEPARTED,המריאה
75,6H,843,ISRAIR AIRLINES,2024-02-12T15:40:00,2024-02-12T16:03:00,D,RMO,CHISINAU,קישינב,CHISINAU,מולדוביה,MOLDOVA,3,66-69,C,DEPARTED,המריאה
78,WZ,4312,RED WINGS AIRLINES,2024-02-12T14:15:00,2024-02-12T16:09:00,D,AER,SOCHI,סוצ'י,SOCHI,רוסיה,RUSSIAN FEDERATION,3,63-65,C,DEPARTED,המריאה
82,AM,7851,AERO MEXICO,2024-02-12T16:10:00,2024-02-12T16:29:00,D,AMS,AMSTERDAM,אמסטרדם,AMSTERDAM,הולנד,NETHERLANDS,3,78-99,D,DEPARTED,המריאה
83,LY,339,EL AL ISRAEL AIRLINES,2024-02-12T16:10:00,2024-02-12T16:29:00,D,AMS,AMSTERDAM,אמסטרדם,AMSTERDAM,הולנד,NETHERLANDS,3,78-99,D,DEPARTED,המריאה
84,SK,3151,SAS,2024-02-12T16:10:00,2024-02-12T16:29:00,D,AMS,AMSTERDAM,אמסטרדם,AMSTERDAM,הולנד,NETHERLANDS,3,78-99,D,DEPARTED,המריאה
85,EK,2346,EMIRATES,2024-02-12T14:20:00,2024-02-12T16:33:00,D,DXB,DUBAI,דובאי,DUBAI,איחוד האמירויות הערב,UNITED ARAB EMIRATES,3,49-55,B,DEPARTED,המריאה
86,FZ,1126,FLYDUBAI,2024-02-12T14:20:00,2024-02-12T16:33:00,D,DXB,DUBAI,דובאי,DUBAI,איחוד האמירויות הערב,UNITED ARAB EMIRATES,3,49-55,B,DEPARTED,המריאה
87,U8,109,TUS AIRWAYS,2024-02-12T16:20:00,2024-02-12T16:35:00,D,LCA,LARNACA,לרנקה,LARNACA,קפריסין,CYPRUS,3,36-39,B,DEPARTED,המריאה
91,FR,5390,RYANAIR,2024-02-12T13:35:00,2024-02-12T16:42:00,D,FMM,MEMMINGEN,ממינגן,MEMMINGEN,גרמניה,GERMANY,3,60-62,C,DEPARTED,המריאה
95,LO,154,LOT POLISH AIRLINES,2024-02-12T16:05:00,2024-02-12T16:48:00,D,WAW,WARSAW,ורשה,WARSAW,פולין,POLAND,3,56-59,C,DEPARTED,המריאה
96,LY,9253,EL AL ISRAEL AIRLINES,2024-02-12T16:05:00,2024-02-12T16:48:00,D,WAW,WARSAW,ורשה,WARSAW,פולין,POLAND,3,56-59,C,DEPARTED,המריאה
99,AR,7879,AEROLINEAS ARGENTINAS S.A.,2024-02-12T16:15:00,2024-02-12T16:52:00,D,FCO,ROME - FIUMICINO,רומא,ROME,איטליה,ITALY,3,78-99,D,DEPARTED,המריאה
101,LY,383,EL AL ISRAEL AIRLINES,2024-02-12T16:15:00,2024-02-12T16:52:00,D,FCO,ROME - FIUMICINO,רומא,ROME,איטליה,ITALY,3,78-99,D,DEPARTED,המריאה
102,TP,8900,AIR PORTUGAL,2024-02-12T16:15:00,2024-02-12T16:52:00,D,FCO,ROME - FIUMICINO,רומא,ROME,איטליה,ITALY,3,78-99,D,DEPARTED,המריאה
109,IZ,821,ARKIA  ISRAELI  AIRLINES,2024-02-12T16:30:00,2024-02-12T17:00:00,D,ETM,RAMON,אילת - רמון,RAMON,ישראל,ISRAEL,3,G12-G18,G,DEPARTED,המריאה
110,AM,7853,AERO MEXICO,2024-02-12T16:50:00,2024-02-12T17:04:00,D,CDG,PARIS-CHARLES DE GAULLE,פריס,PARIS,צרפת,FRANCE,3,78-99,D,DEPARTED,המריאה
111,LY,325,EL AL ISRAEL AIRLINES,2024-02-12T16:50:00,2024-02-12T17:04:00,D,CDG,PARIS-CHARLES DE GAULLE,פריס,PARIS,צרפת,FRANCE,3,78-99,D,DEPARTED,המריאה
113,LY,363,EL AL ISRAEL AIRLINES,2024-02-12T16:15:00,2024-02-12T17:23:00,D,VIE,VIENNA,וינה,VIENNA,אוסטריה,AUSTRIA,3,78-99,D,DEPARTED,המריאה
114,AM,7877,AERO MEXICO,2024-02-12T17:15:00,2024-02-12T17:27:00,D,LHR,LONDON - HEATHROW,לונדון,LONDON,בריטניה,UNITED KINGDOM,3,78-99,D,DEPARTED,המריאה
115,LY,317,EL AL ISRAEL AIRLINES,2024-02-12T17:15:00,2024-02-12T17:27:00,D,LHR,LONDON - HEATHROW,לונדון,LONDON,בריטניה,UNITED KINGDOM,3,78-99,D,DEPARTED,המריאה
116,LY,543,EL AL ISRAEL AIRLINES,2024-02-12T17:15:00,2024-02-12T17:30:00,D,ATH,ATHENS,אתונה,ATHENS,יוון,GREECE,3,78-99,D,DEPARTED,המריאה
117,LY,083,EL AL ISRAEL AIRLINES,2024-02-12T17:25:00,2024-02-12T17:35:00,D,BKK,BANGKOK INTL.-SUVARNABHUMI,בנגקוק,BANGKOK,תאילנד,THAILAND,3,78-99,D,DEPARTED,המריאה
118,QF,5018,QANTAS AIRWAYS,2024-02-12T17:25:00,2024-02-12T17:35:00,D,BKK,BANGKOK INTL.-SUVARNABHUMI,בנגקוק,BANGKOK,תאילנד,THAILAND,3,78-99,D,DEPARTED,המריאה
119,TG,4586,THAI AIRWAYS,2024-02-12T17:25:00,2024-02-12T17:35:00,D,BKK,BANGKOK INTL.-SUVARNABHUMI,בנגקוק,BANGKOK,תאילנד,THAILAND,3,78-99,D,DEPARTED,המריאה
129,LY,2523,EL AL ISRAEL AIRLINES,2024-02-12T17:45:00,2024-02-12T18:01:00,D,PRG,PRAGUE-RUZYNE,פראג,PRAGUE,צ'כיה,CZECH REPUBLIC,3,78-99,D,DEPARTED,המריאה
130,LY,571,EL AL ISRAEL AIRLINES,2024-02-12T17:50:00,2024-02-12T18:03:00,D,OTP,BUCHAREST - OTOPENI,בוקרשט,BUCHAREST,רומניה,ROMANIA,3,78-99,D,DEPARTED,המריאה
131,LY,5109,EL AL ISRAEL AIRLINES,2024-02-12T17:30:00,2024-02-12T18:06:00,D,TBS,TBILISI,טביליסי,TBILISI,גיאורגיה,GEORGIA,3,78-99,D,DEPARTED,המריאה
132,LH,681,LUFTHANSA,2024-02-12T17:10:00,2024-02-12T18:18:00,D,MUC,MUNICH,מינכן,MUNICH,גרמניה,GERMANY,3,24-33,A,DEPARTED,המריאה
133,SN,7172,BRUSSELS AIRLINES,2024-02-12T17:10:00,2024-02-12T18:18:00,D,MUC,MUNICH,מינכן,MUNICH,גרמניה,GERMANY,3,24-33,A,DEPARTED,המריאה
134,LX,253,SWISS INT`L  AIRLINES,2024-02-12T17:10:00,2024-02-12T18:20:00,D,ZRH,ZURICH,ציריך,ZURICH,שוויץ,SWITZERLAND,3,24-33,A,DEPARTED,המריאה
136,6H,045,ISRAIR AIRLINES,2024-02-12T17:00:00,2024-02-12T18:48:00,D,ETM,RAMON,אילת - רמון,RAMON,ישראל,ISRAEL,3,G1-G6,G,DEPARTED,המריאה
138,6H,561,ISRAIR AIRLINES,2024-02-12T18:50:00,2024-02-12T19:11:00,D,ATH,ATHENS,אתונה,ATHENS,יוון,GREECE,3,66-69,C,DEPARTED,המריאה
143,IZ,827,ARKIA  ISRAELI  AIRLINES,2024-02-12T19:40:00,2024-02-12T19:58:00,D,ETM,RAMON,אילת - רמון,RAMON,ישראל,ISRAEL,3,G12-G18,G,DEPARTED,המריאה
144,LY,5133,EL AL ISRAEL AIRLINES,2024-02-12T20:00:00,2024-02-12T20:15:00,D,LCA,LARNACA,לרנקה,LARNACA,קפריסין,CYPRUS,3,78-99,D,DEPARTED,המריאה
146,LY,087,EL AL ISRAEL AIRLINES,2024-02-12T20:35:00,2024-02-12T20:45:00,D,HKT,PHUKET,פוקט,PHUKET,תאילנד,THAILAND,3,78-99,D,DEPARTED,המריאה
148,LY,081,EL AL ISRAEL AIRLINES,2024-02-12T20:05:00,2024-02-12T20:58:00,D,BKK,BANGKOK INTL.-SUVARNABHUMI,בנגקוק,BANGKOK,תאילנד,THAILAND,3,78-99,D,DEPARTED,המריאה
149,QF,5020,QANTAS AIRWAYS,2024-02-12T20:05:00,2024-02-12T20:58:00,D,BKK,BANGKOK INTL.-SUVARNABHUMI,בנגקוק,BANGKOK,תאילנד,THAILAND,3,78-99,D,DEPARTED,המריאה
150,TG,4584,THAI AIRWAYS,2024-02-12T20:05:00,2024-02-12T20:58:00,D,BKK,BANGKOK INTL.-SUVARNABHUMI,בנגקוק,BANGKOK,תאילנד,THAILAND,3,78-99,D,DEPARTED,המריאה
151,VN,3298,VIETNAM AIRLINES,2024-02-12T20:05:00,2024-02-12T20:58:00,D,BKK,BANGKOK INTL.-SUVARNABHUMI,בנגקוק,BANGKOK,תאילנד,THAILAND,3,78-99,D,DEPARTED,המריאה
175,IZ,639,ARKIA  ISRAELI  AIRLINES,2024-02-13T00:30:00,2024-02-13T00:52:00,D,SEZ,MAHE SEYCHELLES INTL,מאהה,MAHE SEYCHELLES,איי סיישל,SEYCHELLES,3,63-68,C,DEPARTED,המריאה
182,AM,7869,AERO MEXICO,2024-02-13T00:45:00,2024-02-13T01:10:00,D,JFK,NEW YORK - J.F.KENNEDY,ניו יורק,NEW YORK,ארצות הברית,UNITED STATES,3,78-99,D,DEPARTED,המריאה
183,AR,7853,AEROLINEAS ARGENTINAS S.A.,2024-02-13T00:45:00,2024-02-13T01:10:00,D,JFK,NEW YORK - J.F.KENNEDY,ניו יורק,NEW YORK,ארצות הברית,UNITED STATES,3,78-99,D,DEPARTED,המריאה
184,B6,6451,JETBLUE AIRWAYS CORPORATION,2024-02-13T00:45:00,2024-02-13T01:10:00,D,JFK,NEW YORK - J.F.KENNEDY,ניו יורק,NEW YORK,ארצות הברית,UNITED STATES,3,78-99,D,DEPARTED,המריאה
185,DL,7424,DELTA AIRLINES,2024-02-13T00:45:00,2024-02-13T01:10:00,D,JFK,NEW YORK - J.F.KENNEDY,ניו יורק,NEW YORK,ארצות הברית,UNITED STATES,3,78-99,D,DEPARTED,המריאה
186,LY,001,EL AL ISRAEL AIRLINES,2024-02-13T00:45:00,2024-02-13T01:10:00,D,JFK,NEW YORK - J.F.KENNEDY,ניו יורק,NEW YORK,ארצות הברית,UNITED STATES,3,78-99,D,DEPARTED,המריאה
187,B6,6465,JETBLUE AIRWAYS CORPORATION,2024-02-13T01:05:00,2024-02-13T01:25:00,D,BOS,BOSTON-LOGAN INT,בוסטון,BOSTON,ארצות הברית,UNITED STATES,3,78-99,D,DEPARTED,המריאה
188,DL,7435,DELTA AIRLINES,2024-02-13T01:05:00,2024-02-13T01:25:00,D,BOS,BOSTON-LOGAN INT,בוסטון,BOSTON,ארצות הברית,UNITED STATES,3,78-99,D,DEPARTED,המריאה
189,LY,015,EL AL ISRAEL AIRLINES,2024-02-13T01:05:00,2024-02-13T01:25:00,D,BOS,BOSTON-LOGAN INT,בוסטון,BOSTON,ארצות הברית,UNITED STATES,3,78-99,D,DEPARTED,המריאה
190,AM,7875,AERO MEXICO,2024-02-13T00:45:00,2024-02-13T01:28:00,D,LAX,LOS ANGELES,לוס אנג'לס,LOS ANGELES,ארצות הברית,UNITED STATES,3,78-99,D,DEPARTED,המריאה
191,B6,6461,JETBLUE AIRWAYS CORPORATION,2024-02-13T00:45:00,2024-02-13T01:28:00,D,LAX,LOS ANGELES,לוס אנג'לס,LOS ANGELES,ארצות הברית,UNITED STATES,3,78-99,D,DEPARTED,המריאה
192,DL,7428,DELTA AIRLINES,2024-02-13T00:45:00,2024-02-13T01:28:00,D,LAX,LOS ANGELES,לוס אנג'לס,LOS ANGELES,ארצות הברית,UNITED STATES,3,78-99,D,DEPARTED,המריאה
193,LY,005,EL AL ISRAEL AIRLINES,2024-02-13T00:45:00,2024-02-13T01:28:00,D,LAX,LOS ANGELES,לוס אנג'לס,LOS ANGELES,ארצות הברית,UNITED STATES,3,78-99,D,DEPARTED,המריאה
194,AR,7851,AEROLINEAS ARGENTINAS S.A.,2024-02-13T01:00:00,2024-02-13T01:34:00,D,MIA,MIAMI INTERNATIONAL,מיאמי,MIAMI,ארצות הברית,UNITED STATES,3,78-99,D,DEPARTED,המריאה
195,B6,6467,JETBLUE AIRWAYS CORPORATION,2024-02-13T01:00:00,2024-02-13T01:34:00,D,MIA,MIAMI INTERNATIONAL,מיאמי,MIAMI,ארצות הברית,UNITED STATES,3,78-99,D,DEPARTED,המריאה
196,DL,7437,DELTA AIRLINES,2024-02-13T01:00:00,2024-02-13T01:34:00,D,MIA,MIAMI INTERNATIONAL,מיאמי,MIAMI,ארצות הברית,UNITED STATES,3,78-99,D,DEPARTED,המריאה
197,LY,017,EL AL ISRAEL AIRLINES,2024-02-13T01:00:00,2024-02-13T01:34:00,D,MIA,MIAMI INTERNATIONAL,מיאמי,MIAMI,ארצות הברית,UNITED STATES,3,78-99,D,DEPARTED,המריאה
198,B6,6483,JETBLUE AIRWAYS CORPORATION,2024-02-13T00:50:00,2024-02-13T01:40:00,D,EWR,NEW YORK - NEWARK,ניוארק,NEWARK,ארצות הברית,UNITED STATES,3,78-99,D,DEPARTED,המריאה
199,DL,7443,DELTA AIRLINES,2024-02-13T00:50:00,2024-02-13T01:40:00,D,EWR,NEW YORK - NEWARK,ניוארק,NEWARK,ארצות הברית,UNITED STATES,3,78-99,D,DEPARTED,המריאה
200,LY,027,EL AL ISRAEL AIRLINES,2024-02-13T00:50:00,2024-02-13T01:40:00,D,EWR,NEW YORK - NEWARK,ניוארק,NEWARK,ארצות הברית,UNITED STATES,3,78-99,D,DEPARTED,המריאה
201,ET,405,ETHIOPIAN AIRLINES,2024-02-13T02:05:00,2024-02-13T02:18:00,D,ADD,ADDIS ABABA,אדיס אבבה,ADDIS ABABA,אתיופיה,ETHIOPIA,3,56-62,C,DEPARTED,המריאה
202,LY,8807,EL AL ISRAEL AIRLINES,2024-02-13T02:05:00,2024-02-13T02:18:00,D,ADD,ADDIS ABABA,אדיס אבבה,ADDIS ABABA,אתיופיה,ETHIOPIA,3,56-62,C,DEPARTED,המריאה
213,NH,5620,ALL NIPPON AIRWAYS,2024-02-13T03:50:00,2024-02-13T04:34:00,D,VIE,VIENNA,וינה,VIENNA,אוסטריה,AUSTRIA,3,24-33,A,DEPARTED,המריאה
214,OS,860,AUSTRIAN AIRLINES,2024-02-13T03:50:00,2024-02-13T04:34:00,D,VIE,VIENNA,וינה,VIENNA,אוסטריה,AUSTRIA,3,24-33,A,DEPARTED,המריאה
219,AA,9262,AMERICAN AIRLINES,2024-02-13T05:55:00,2024-02-13T05:59:00,D,CDG,PARIS-CHARLES DE GAULLE,פריס,PARIS,צרפת,FRANCE,3,78-99,D,DEPARTED,המריאה
220,AM,7867,AERO MEXICO,2024-02-13T05:55:00,2024-02-13T05:59:00,D,CDG,PARIS-CHARLES DE GAULLE,פריס,PARIS,צרפת,FRANCE,3,78-99,D,DEPARTED,המריאה
222,LY,319,EL AL ISRAEL AIRLINES,2024-02-13T05:55:00,2024-02-13T05:59:00,D,CDG,PARIS-CHARLES DE GAULLE,פריס,PARIS,צרפת,FRANCE,3,78-99,D,DEPARTED,המריאה
223,SK,3161,SAS,2024-02-13T05:55:00,2024-02-13T05:59:00,D,CDG,PARIS-CHARLES DE GAULLE,פריס,PARIS,צרפת,FRANCE,3,78-99,D,DEPARTED,המריאה
227,AM,7864,AERO MEXICO,2024-02-13T06:05:00,2024-02-13T06:16:00,D,AMS,AMSTERDAM,אמסטרדם,AMSTERDAM,הולנד,NETHERLANDS,3,78-99,D,DEPARTED,המריאה
228,LY,337,EL AL ISRAEL AIRLINES,2024-02-13T06:05:00,2024-02-13T06:16:00,D,AMS,AMSTERDAM,אמסטרדם,AMSTERDAM,הולנד,NETHERLANDS,3,78-99,D,DEPARTED,המריאה
229,SK,3155,SAS,2024-02-13T06:05:00,2024-02-13T06:16:00,D,AMS,AMSTERDAM,אמסטרדם,AMSTERDAM,הולנד,NETHERLANDS,3,78-99,D,DEPARTED,המריאה
230,LY,5129,EL AL ISRAEL AIRLINES,2024-02-13T06:00:00,2024-02-13T06:18:00,D,RMO,CHISINAU,קישינב,CHISINAU,מולדוביה,MOLDOVA,3,78-99,D,DEPARTED,המריאה
235,AR,7877,AEROLINEAS ARGENTINAS S.A.,2024-02-13T06:10:00,2024-02-13T06:24:00,D,FCO,ROME - FIUMICINO,רומא,ROME,איטליה,ITALY,3,78-99,D,DEPARTED,המריאה
236,LY,385,EL AL ISRAEL AIRLINES,2024-02-13T06:10:00,2024-02-13T06:24:00,D,FCO,ROME - FIUMICINO,רומא,ROME,איטליה,ITALY,3,78-99,D,DEPARTED,המריאה
237,SK,3167,SAS,2024-02-13T06:10:00,2024-02-13T06:24:00,D,FCO,ROME - FIUMICINO,רומא,ROME,איטליה,ITALY,3,78-99,D,DEPARTED,המריאה
238,TP,8898,AIR PORTUGAL,2024-02-13T06:10:00,2024-02-13T06:24:00,D,FCO,ROME - FIUMICINO,רומא,ROME,איטליה,ITALY,3,78-99,D,DEPARTED,המריאה
239,LY,2371,EL AL ISRAEL AIRLINES,2024-02-13T06:00:00,2024-02-13T06:28:00,D,BER,BERLIN BRANDENBURG INTL,ברלין,BERLIN,גרמניה,GERMANY,3,78-99,D,DEPARTED,המריאה
240,SK,3157,SAS,2024-02-13T06:00:00,2024-02-13T06:28:00,D,BER,BERLIN BRANDENBURG INTL,ברלין,BERLIN,גרמניה,GERMANY,3,78-99,D,DEPARTED,המריאה
241,AA,9265,AMERICAN AIRLINES,2024-02-13T06:15:00,2024-02-13T06:32:00,D,MAD,MADRID,מדריד,MADRID,ספרד,SPAIN,3,78-99,D,DEPARTED,המריאה
242,AM,7879,AERO MEXICO,2024-02-13T06:15:00,2024-02-13T06:32:00,D,MAD,MADRID,מדריד,MADRID,ספרד,SPAIN,3,78-99,D,DEPARTED,המריאה
243,AR,7871,AEROLINEAS ARGENTINAS S.A.,2024-02-13T06:15:00,2024-02-13T06:32:00,D,MAD,MADRID,מדריד,MADRID,ספרד,SPAIN,3,78-99,D,DEPARTED,המריאה
244,IB,2394,IBERIA,2024-02-13T06:15:00,2024-02-13T06:32:00,D,MAD,MADRID,מדריד,MADRID,ספרד,SPAIN,3,78-99,D,DEPARTED,המריאה
245,LY,395,EL AL ISRAEL AIRLINES,2024-02-13T06:15:00,2024-02-13T06:32:00,D,MAD,MADRID,מדריד,MADRID,ספרד,SPAIN,3,78-99,D,DEPARTED,המריאה
246,IB,2392,IBERIA,2024-02-13T06:30:00,2024-02-13T06:38:00,D,BCN,BARCELONA,ברצלונה,BARCELONA,ספרד,SPAIN,3,78-99,D,DEPARTED,המריאה
247,LY,393,EL AL ISRAEL AIRLINES,2024-02-13T06:30:00,2024-02-13T06:38:00,D,BCN,BARCELONA,ברצלונה,BARCELONA,ספרד,SPAIN,3,78-99,D,DEPARTED,המריאה
248,AA,9263,AMERICAN AIRLINES,2024-02-13T06:00:00,2024-02-13T06:40:00,D,MUC,MUNICH,מינכן,MUNICH,גרמניה,GERMANY,3,78-99,D,DEPARTED,המריאה
249,LY,353,EL AL ISRAEL AIRLINES,2024-02-13T06:00:00,2024-02-13T06:40:00,D,MUC,MUNICH,מינכן,MUNICH,גרמניה,GERMANY,3,78-99,D,DEPARTED,המריאה
254,LY,573,EL AL ISRAEL AIRLINES,2024-02-13T07:00:00,2024-02-13T07:03:00,D,OTP,BUCHAREST - OTOPENI,בוקרשט,BUCHAREST,רומניה,ROMANIA,3,78-99,D,DEPARTED,המריאה
255,LY,381,EL AL ISRAEL AIRLINES,2024-02-13T06:50:00,2024-02-13T07:06:00,D,MXP,MILAN-MALPENSA,מילאנו,MILAN,איטליה,ITALY,3,78-99,D,DEPARTED,המריאה
256,SK,3185,SAS,2024-02-13T06:50:00,2024-02-13T07:06:00,D,MXP,MILAN-MALPENSA,מילאנו,MILAN,איטליה,ITALY,3,78-99,D,DEPARTED,המריאה
257,TP,8910,AIR PORTUGAL,2024-02-13T06:50:00,2024-02-13T07:06:00,D,MXP,MILAN-MALPENSA,מילאנו,MILAN,איטליה,ITALY,3,78-99,D,DEPARTED,המריאה
258,IZ,801,ARKIA  ISRAELI  AIRLINES,2024-02-13T07:00:00,2024-02-13T07:08:00,D,ETM,RAMON,אילת - רמון,RAMON,ישראל,ISRAEL,3,G20-G27,G,DEPARTED,המריאה
259,LY,2365,EL AL ISRAEL AIRLINES,2024-02-13T07:05:00,2024-02-13T07:22:00,D,BUD,BUDAPEST,בודפשט,BUDAPEST,הונגריה,HUNGARY,3,78-99,D,DEPARTED,המריאה
260,LY,347,EL AL ISRAEL AIRLINES,2024-02-13T07:20:00,2024-02-13T07:33:00,D,ZRH,ZURICH,ציריך,ZURICH,שוויץ,SWITZERLAND,3,78-99,D,DEPARTED,המריאה
261,SK,3189,SAS,2024-02-13T07:20:00,2024-02-13T07:33:00,D,ZRH,ZURICH,ציריך,ZURICH,שוויץ,SWITZERLAND,3,78-99,D,DEPARTED,המריאה
263,6H,043,ISRAIR AIRLINES,2024-02-13T07:30:00,2024-02-13T07:41:00,D,ETM,RAMON,אילת - רמון,RAMON,ישראל,ISRAEL,3,G28-G35,G,DEPARTED,המריאה
264,LY,551,EL AL ISRAEL AIRLINES,2024-02-13T07:30:00,2024-02-13T07:43:00,D,SOF,SOFIA,סופיה,SOFIA,בולגריה,BULGARIA,3,78-99,D,DEPARTED,המריאה
265,6H,661,ISRAIR AIRLINES,2024-02-13T07:20:00,2024-02-13T08:04:00,D,DXB,DUBAI,דובאי,DUBAI,איחוד האמירויות הערב,UNITED ARAB EMIRATES,3,34-37,B,DEPARTED,המריאה
266,IZ,2821,ARKIA  ISRAELI  AIRLINES,2024-02-13T08:10:00,2024-02-13T08:08:00,D,ETM,RAMON,אילת - רמון,RAMON,ישראל,ISRAEL,3,G20-G27,G,DEPARTED,המריאה
267,6H,885,ISRAIR AIRLINES,2024-02-13T08:10:00,2024-02-13T08:24:00,D,BUS,BATUMI,בטומי,BATUMI,גיאורגיה,GEORGIA,3,37-40,B,DEPARTED,המריאה
270,LY,611,EL AL ISRAEL AIRLINES,2024-02-13T08:20:00,2024-02-13T08:26:00,D,DME,MOSCOW-DOMODEDOVO,מוסקבה,MOSCOW,רוסיה,RUSSIAN FEDERATION,3,78-99,D,DEPARTED,המריאה
271,S7,4482,SIBERIA AIRLINES,2024-02-13T08:20:00,2024-02-13T08:26:00,D,DME,MOSCOW-DOMODEDOVO,מוסקבה,MOSCOW,רוסיה,RUSSIAN FEDERATION,3,78-99,D,DEPARTED,המריאה
272,6H,225,ISRAIR AIRLINES,2024-02-13T08:10:00,2024-02-13T08:29:00,D,RVN,ROVANIEMI,רובניימי,ROVANIEMI,פינלנד,FINLAND,3,40-43,B,DEPARTED,המריאה
273,LY,541,EL AL ISRAEL AIRLINES,2024-02-13T08:30:00,2024-02-13T08:51:00,D,ATH,ATHENS,אתונה,ATHENS,יוון,GREECE,3,78-99,D,DEPARTED,המריאה
275,LY,5141,EL AL ISRAEL AIRLINES,2024-02-13T09:10:00,2024-02-13T09:25:00,D,LCA,LARNACA,לרנקה,LARNACA,קפריסין,CYPRUS,3,78-99,D,DEPARTED,המריאה
276,AA,9261,AMERICAN AIRLINES,2024-02-13T09:15:00,2024-02-13T09:30:00,D,LHR,LONDON - HEATHROW,לונדון,LONDON,בריטניה,UNITED KINGDOM,3,78-99,D,DEPARTED,המריאה
277,AM,7863,AERO MEXICO,2024-02-13T09:15:00,2024-02-13T09:30:00,D,LHR,LONDON - HEATHROW,לונדון,LONDON,בריטניה,UNITED KINGDOM,3,78-99,D,DEPARTED,המריאה
278,LY,315,EL AL ISRAEL AIRLINES,2024-02-13T09:15:00,2024-02-13T09:30:00,D,LHR,LONDON - HEATHROW,לונדון,LONDON,בריטניה,UNITED KINGDOM,3,78-99,D,DEPARTED,המריאה
279,SK,3181,SAS,2024-02-13T09:15:00,2024-02-13T09:30:00,D,LHR,LONDON - HEATHROW,לונדון,LONDON,בריטניה,UNITED KINGDOM,3,78-99,D,DEPARTED,המריאה
288,AM,7885,AERO MEXICO,2024-02-13T09:00:00,2024-02-13T09:54:00,D,CDG,PARIS-CHARLES DE GAULLE,פריס,PARIS,צרפת,FRANCE,3,78-99,D,DEPARTED,המריאה
289,LY,323,EL AL ISRAEL AIRLINES,2024-02-13T09:00:00,2024-02-13T09:54:00,D,CDG,PARIS-CHARLES DE GAULLE,פריס,PARIS,צרפת,FRANCE,3,78-99,D,DEPARTED,המריאה
290,SK,3163,SAS,2024-02-13T09:00:00,2024-02-13T09:54:00,D,CDG,PARIS-CHARLES DE GAULLE,פריס,PARIS,צרפת,FRANCE,3,78-99,D,DEPARTED,המריאה
291,LY,311,EL AL ISRAEL AIRLINES,2024-02-13T09:40:00,2024-02-13T10:00:00,D,LTN,LUTON,לונדון לוטון,LONDON LUTON,בריטניה,UNITED KINGDOM,3,78-99,D,DEPARTED,המריאה
292,LY,5101,EL AL ISRAEL AIRLINES,2024-02-13T10:00:00,2024-02-13T10:16:00,D,WAW,WARSAW,ורשה,WARSAW,פולין,POLAND,3,78-99,D,DEPARTED,המריאה
293,LY,003,EL AL ISRAEL AIRLINES,2024-02-13T10:00:00,2024-02-13T10:21:00,D,JFK,NEW YORK - J.F.KENNEDY,ניו יורק,NEW YORK,ארצות הברית,UNITED STATES,3,78-99,D,DEPARTED,המריאה
294,EK,2370,EMIRATES,2024-02-13T10:10:00,2024-02-13T10:24:00,D,DXB,DUBAI,דובאי,DUBAI,איחוד האמירויות הערב,UNITED ARAB EMIRATES,3,49-55,B,DEPARTED,המריאה
295,FZ,1550,FLYDUBAI,2024-02-13T10:10:00,2024-02-13T10:24:00,D,DXB,DUBAI,דובאי,DUBAI,איחוד האמירויות הערב,UNITED ARAB EMIRATES,3,49-55,B,DEPARTED,המריאה
297,IZ,807,ARKIA  ISRAELI  AIRLINES,2024-02-13T10:30:00,2024-02-13T10:30:00,D,ETM,RAMON,אילת - רמון,RAMON,ישראל,ISRAEL,3,G20-G27,G,ON TIME,בזמן
298,IZ,1295,ARKIA  ISRAELI  AIRLINES,2024-02-13T10:50:00,2024-02-13T10:50:00,D,OTP,BUCHAREST - OTOPENI,בוקרשט,BUCHAREST,רומניה,ROMANIA,3,56-60,C,ON TIME,בזמן
304,EK,2451,EMIRATES,2024-02-13T11:35:00,2024-02-13T11:35:00,D,DXB,DUBAI,דובאי,DUBAI,איחוד האמירויות הערב,UNITED ARAB EMIRATES,3,49-55,B,ON TIME,בזמן
305,FZ,1082,FLYDUBAI,2024-02-13T11:35:00,2024-02-13T11:35:00,D,DXB,DUBAI,דובאי,DUBAI,איחוד האמירויות הערב,UNITED ARAB EMIRATES,3,49-55,B,ON TIME,בזמן
306,6H,047,ISRAIR AIRLINES,2024-02-13T11:45:00,2024-02-13T11:45:00,D,ETM,RAMON,אילת - רמון,RAMON,ישראל,ISRAEL,3,G28-G35,G,ON TIME,בזמן
308,FR,7162,RYANAIR,2024-02-13T11:50:00,2024-02-13T11:50:00,D,VIE,VIENNA,וינה,VIENNA,אוסטריה,AUSTRIA,3,63-66,C,ON TIME,בזמן
310,LY,973,EL AL ISRAEL AIRLINES,2024-02-13T11:50:00,2024-02-13T11:50:00,D,DXB,DUBAI,דובאי,DUBAI,איחוד האמירויות הערב,UNITED ARAB EMIRATES,3,78-99,D,ON TIME,בזמן
311,A4,5026,AZIMUTH AIRLINES,2024-02-13T12:05:00,2024-02-13T12:05:00,D,AER,SOCHI,סוצ'י,SOCHI,רוסיה,RUSSIAN FEDERATION,3,39-41,B,ON TIME,בזמן
312,HU,744,HAINAN AIRLINES,2024-02-13T12:10:00,2024-02-13T12:10:00,D,SZX,SHENZHEN  BAOAN INT.,שנז'ן,SHENZHEN,סין,CHINA,3,34-38,B,ON TIME,בזמן
314,LY,543,EL AL ISRAEL AIRLINES,2024-02-13T12:45:00,2024-02-13T12:45:00,D,ATH,ATHENS,אתונה,ATHENS,יוון,GREECE,3,78-99,D,ON TIME,בזמן
315,A3,927,AEGEAN  AIRLINES,2024-02-13T12:50:00,2024-02-13T12:50:00,D,ATH,ATHENS,אתונה,ATHENS,יוון,GREECE,3,44-47,B,ON TIME,בזמן
316,EK,4978,EMIRATES,2024-02-13T12:50:00,2024-02-13T12:50:00,D,ATH,ATHENS,אתונה,ATHENS,יוון,GREECE,3,44-47,B,ON TIME,בזמן
317,FB,1514,BULGARIA  AIR,2024-02-13T12:50:00,2024-02-13T12:50:00,D,ATH,ATHENS,אתונה,ATHENS,יוון,GREECE,3,44-47,B,ON TIME,בזמן
318,JU,7621,AIR SERBIA,2024-02-13T12:50:00,2024-02-13T12:50:00,D,ATH,ATHENS,אתונה,ATHENS,יוון,GREECE,3,44-47,B,ON TIME,בזמן
319,EK,2364,EMIRATES,2024-02-13T12:55:00,2024-02-13T12:55:00,D,DXB,DUBAI,דובאי,DUBAI,איחוד האמירויות הערב,UNITED ARAB EMIRATES,3,49-55,B,ON TIME,בזמן
320,FZ,1212,FLYDUBAI,2024-02-13T12:55:00,2024-02-13T12:55:00,D,DXB,DUBAI,דובאי,DUBAI,איחוד האמירויות הערב,UNITED ARAB EMIRATES,3,49-55,B,ON TIME,בזמן
323,AM,7871,AERO MEXICO,2024-02-13T13:00:00,2024-02-13T13:00:00,D,JFK,NEW YORK - J.F.KENNEDY,ניו יורק,NEW YORK,ארצות הברית,UNITED STATES,3,78-99,D,ON TIME,בזמן
324,AR,7855,AEROLINEAS ARGENTINAS S.A.,2024-02-13T13:00:00,2024-02-13T13:00:00,D,JFK,NEW YORK - J.F.KENNEDY,ניו יורק,NEW YORK,ארצות הברית,UNITED STATES,3,78-99,D,ON TIME,בזמן
325,B6,6455,JETBLUE AIRWAYS CORPORATION,2024-02-13T13:00:00,2024-02-13T13:00:00,D,JFK,NEW YORK - J.F.KENNEDY,ניו יורק,NEW YORK,ארצות הברית,UNITED STATES,3,78-99,D,ON TIME,בזמן
326,DL,7430,DELTA AIRLINES,2024-02-13T13:00:00,2024-02-13T13:00:00,D,JFK,NEW YORK - J.F.KENNEDY,ניו יורק,NEW YORK,ארצות הברית,UNITED STATES,3,78-99,D,ON TIME,בזמן
327,LY,007,EL AL ISRAEL AIRLINES,2024-02-13T13:00:00,2024-02-13T13:00:00,D,JFK,NEW YORK - J.F.KENNEDY,ניו יורק,NEW YORK,ארצות הברית,UNITED STATES,3,78-99,D,ON TIME,בזמן
333,IZ,815,ARKIA  ISRAELI  AIRLINES,2024-02-13T13:10:00,2024-02-13T13:10:00,D,ETM,RAMON,אילת - רמון,RAMON,ישראל,ISRAEL,3,G20-G27,G,ON TIME,בזמן
334,LX,255,SWISS INT`L  AIRLINES,2024-02-13T13:05:00,2024-02-13T13:20:00,D,ZRH,ZURICH,ציריך,ZURICH,שוויץ,SWITZERLAND,3,24-33,A,ON TIME,בזמן
343,FR,2006,RYANAIR,2024-02-13T13:50:00,2024-02-13T13:50:00,D,BGY,BERGAMO,ברגמו,BERGAMO,איטליה,ITALY,3,63-66,C,ON TIME,בזמן
353,EK,2346,EMIRATES,2024-02-13T14:20:00,2024-02-13T14:20:00,D,DXB,DUBAI,דובאי,DUBAI,איחוד האמירויות הערב,UNITED ARAB EMIRATES,3,51-55,B,ON TIME,בזמן
354,FZ,1126,FLYDUBAI,2024-02-13T14:20:00,2024-02-13T14:20:00,D,DXB,DUBAI,דובאי,DUBAI,איחוד האמירויות הערב,UNITED ARAB EMIRATES,3,51-55,B,ON TIME,בזמן
357,BZ,702,BLUE BIRD AIRWAYS,2024-02-13T14:30:00,2024-02-13T14:30:00,D,ATH,ATHENS,אתונה,ATHENS,יוון,GREECE,3,56-58,C,ON TIME,בזמן
359,ET,419,ETHIOPIAN AIRLINES,2024-02-13T14:35:00,2024-02-13T14:35:00,D,ADD,ADDIS ABABA,אדיס אבבה,ADDIS ABABA,אתיופיה,ETHIOPIA,3,67-72,C,ON TIME,בזמן
360,LY,5107,EL AL ISRAEL AIRLINES,2024-02-13T14:35:00,2024-02-13T14:35:00,D,TBS,TBILISI,טביליסי,TBILISI,גיאורגיה,GEORGIA,3,78-99,D,ON TIME,בזמן
361,LY,8809,EL AL ISRAEL AIRLINES,2024-02-13T14:35:00,2024-02-13T14:35:00,D,ADD,ADDIS ABABA,אדיס אבבה,ADDIS ABABA,אתיופיה,ETHIOPIA,3,67-72,C,ON TIME,בזמן
362,IZ,281,ARKIA  ISRAELI  AIRLINES,2024-02-13T14:45:00,2024-02-13T14:45:00,D,PRG,PRAGUE-RUZYNE,פראג,PRAGUE,צ'כיה,CZECH REPUBLIC,3,59-62,C,ON TIME,בזמן
363,LY,355,EL AL ISRAEL AIRLINES,2024-02-13T14:45:00,2024-02-13T14:45:00,D,FRA,FRANKFURT,פרנקפורט,FRANKFURT,גרמניה,GERMANY,3,78-99,D,ON TIME,בזמן
366,SK,3179,SAS,2024-02-13T14:45:00,2024-02-13T14:45:00,D,FRA,FRANKFURT,פרנקפורט,FRANKFURT,גרמניה,GERMANY,3,78-99,D,ON TIME,בזמן
367,WZ,016,RED WINGS AIRLINES,2024-02-13T14:45:00,2024-02-13T14:45:00,D,AER,SOCHI,סוצ'י,SOCHI,רוסיה,RUSSIAN FEDERATION,3,41-43,B,ON TIME,בזמן
378,6H,561,ISRAIR AIRLINES,2024-02-13T15:15:00,2024-02-13T15:15:00,D,ATH,ATHENS,אתונה,ATHENS,יוון,GREECE,3,44-47,B,ON TIME,בזמן
382,OS,858,AUSTRIAN AIRLINES,2024-02-13T15:40:00,2024-02-13T15:40:00,D,VIE,VIENNA,וינה,VIENNA,אוסטריה,AUSTRIA,3,24-33,A,ON TIME,בזמן
383,LY,387,EL AL ISRAEL AIRLINES,2024-02-13T15:45:00,2024-02-13T15:45:00,D,MXP,MILAN-MALPENSA,מילאנו,MILAN,איטליה,ITALY,3,78-99,D,ON TIME,בזמן
384,SK,3183,SAS,2024-02-13T15:45:00,2024-02-13T15:45:00,D,MXP,MILAN-MALPENSA,מילאנו,MILAN,איטליה,ITALY,3,78-99,D,ON TIME,בזמן
386,AF,963,AIR FRANCE,2024-02-13T15:55:00,2024-02-13T15:55:00,D,CDG,PARIS-CHARLES DE GAULLE,פריס,PARIS,צרפת,FRANCE,3,34-40,B,ON TIME,בזמן
387,LO,154,LOT POLISH AIRLINES,2024-02-13T16:00:00,2024-02-13T16:00:00,D,WAW,WARSAW,ורשה,WARSAW,פולין,POLAND,3,63-66,C,ON TIME,בזמן
390,AM,7851,AERO MEXICO,2024-02-13T16:10:00,2024-02-13T16:10:00,D,AMS,AMSTERDAM,אמסטרדם,AMSTERDAM,הולנד,NETHERLANDS,3,78-99,D,ON TIME,בזמן
391,LY,339,EL AL ISRAEL AIRLINES,2024-02-13T16:10:00,2024-02-13T16:10:00,D,AMS,AMSTERDAM,אמסטרדם,AMSTERDAM,הולנד,NETHERLANDS,3,78-99,D,ON TIME,בזמן
392,SK,3151,SAS,2024-02-13T16:10:00,2024-02-13T16:10:00,D,AMS,AMSTERDAM,אמסטרדם,AMSTERDAM,הולנד,NETHERLANDS,3,78-99,D,ON TIME,בזמן
393,6H,891,ISRAIR AIRLINES,2024-02-13T16:10:00,2024-02-13T16:10:00,D,TBS,TBILISI,טביליסי,TBILISI,גיאורגיה,GEORGIA,3,47-50,B,ON TIME,בזמן
394,LY,363,EL AL ISRAEL AIRLINES,2024-02-13T16:15:00,2024-02-13T16:15:00,D,VIE,VIENNA,וינה,VIENNA,אוסטריה,AUSTRIA,3,78-99,D,ON TIME,בזמן
395,LH,687,LUFTHANSA,2024-02-13T16:20:00,2024-02-13T16:20:00,D,FRA,FRANKFURT,פרנקפורט,FRANKFURT,גרמניה,GERMANY,3,24-33,A,ON TIME,בזמן
396,SN,7174,BRUSSELS AIRLINES,2024-02-13T16:20:00,2024-02-13T16:20:00,D,FRA,FRANKFURT,פרנקפורט,FRANKFURT,גרמניה,GERMANY,3,24-33,A,ON TIME,בזמן
397,UA,9123,UNITED AIRLINES,2024-02-13T16:20:00,2024-02-13T16:20:00,D,FRA,FRANKFURT,פרנקפורט,FRANKFURT,גרמניה,GERMANY,3,24-33,A,ON TIME,בזמן
398,IZ,821,ARKIA  ISRAELI  AIRLINES,2024-02-13T16:30:00,2024-02-13T16:30:00,D,ETM,RAMON,אילת - רמון,RAMON,ישראל,ISRAEL,3,G20-G27,G,ON TIME,בזמן
399,LY,009,EL AL ISRAEL AIRLINES,2024-02-13T16:35:00,2024-02-13T16:35:00,D,JFK,NEW YORK - J.F.KENNEDY,ניו יורק,NEW YORK,ארצות הברית,UNITED STATES,3,78-99,D,ON TIME,בזמן
404,AM,7853,AERO MEXICO,2024-02-13T16:50:00,2024-02-13T16:50:00,D,CDG,PARIS-CHARLES DE GAULLE,פריס,PARIS,צרפת,FRANCE,3,78-99,D,ON TIME,בזמן
405,LY,325,EL AL ISRAEL AIRLINES,2024-02-13T16:50:00,2024-02-13T16:50:00,D,CDG,PARIS-CHARLES DE GAULLE,פריס,PARIS,צרפת,FRANCE,3,78-99,D,ON TIME,בזמן
408,6H,045,ISRAIR AIRLINES,2024-02-13T17:00:00,2024-02-13T17:00:00,D,ETM,RAMON,אילת - רמון,RAMON,ישראל,ISRAEL,3,G28-G35,G,ON TIME,בזמן
412,AM,7877,AERO MEXICO,2024-02-13T17:15:00,2024-02-13T17:15:00,D,LHR,LONDON - HEATHROW,לונדון,LONDON,בריטניה,UNITED KINGDOM,3,78-99,D,ON TIME,בזמן
413,LY,317,EL AL ISRAEL AIRLINES,2024-02-13T17:15:00,2024-02-13T17:15:00,D,LHR,LONDON - HEATHROW,לונדון,LONDON,בריטניה,UNITED KINGDOM,3,78-99,D,ON TIME,בזמן
414,LY,5109,EL AL ISRAEL AIRLINES,2024-02-13T17:30:00,2024-02-13T17:30:00,D,TBS,TBILISI,טביליסי,TBILISI,גיאורגיה,GEORGIA,3,78-99,D,ON TIME,בזמן
415,LY,2523,EL AL ISRAEL AIRLINES,2024-02-13T17:45:00,2024-02-13T17:45:00,D,PRG,PRAGUE-RUZYNE,פראג,PRAGUE,צ'כיה,CZECH REPUBLIC,3,78-99,D,ON TIME,בזמן
421,LY,571,EL AL ISRAEL AIRLINES,2024-02-13T17:50:00,2024-02-13T17:50:00,D,OTP,BUCHAREST - OTOPENI,בוקרשט,BUCHAREST,רומניה,ROMANIA,3,78-99,D,ON TIME,בזמן
425,IZ,211,ARKIA  ISRAELI  AIRLINES,2024-02-13T18:20:00,2024-02-13T18:20:00,D,ATH,ATHENS,אתונה,ATHENS,יוון,GREECE,3,56-59,C,ON TIME,בזמן
427,A4,5024,AZIMUTH AIRLINES,2024-02-13T18:55:00,2024-02-13T18:55:00,D,AER,SOCHI,סוצ'י,SOCHI,רוסיה,RUSSIAN FEDERATION,3,34-36,B,ON TIME,בזמן
430,IZ,827,ARKIA  ISRAELI  AIRLINES,2024-02-13T19:40:00,2024-02-13T19:40:00,D,ETM,RAMON,אילת - רמון,RAMON,ישראל,ISRAEL,3,G20-G27,G,ON TIME,בזמן
436,LY,087,EL AL ISRAEL AIRLINES,2024-02-13T20:35:00,2024-02-13T20:35:00,D,HKT,PHUKET,פוקט,PHUKET,תאילנד,THAILAND,3,78-99,D,ON TIME,בזמן
444,6H,583,ISRAIR AIRLINES,2024-02-13T21:35:00,2024-02-13T21:35:00,D,LCA,LARNACA,לרנקה,LARNACA,קפריסין,CYPRUS,3,34-37,B,ON TIME,בזמן
447,LY,081,EL AL ISRAEL AIRLINES,2024-02-13T22:05:00,2024-02-13T22:05:00,D,BKK,BANGKOK INTL.-SUVARNABHUMI,בנגקוק,BANGKOK,תאילנד,THAILAND,3,78-99,D,ON TIME,בזמן
449,QF,5020,QANTAS AIRWAYS,2024-02-13T22:05:00,2024-02-13T22:05:00,D,BKK,BANGKOK INTL.-SUVARNABHUMI,בנגקוק,BANGKOK,תאילנד,THAILAND,3,78-99,D,ON TIME,בזמן
450,TG,4584,THAI AIRWAYS,2024-02-13T22:05:00,2024-02-13T22:05:00,D,BKK,BANGKOK INTL.-SUVARNABHUMI,בנגקוק,BANGKOK,תאילנד,THAILAND,3,78-99,D,ON TIME,בזמן
451,VN,3298,VIETNAM AIRLINES,2024-02-13T22:05:00,2024-02-13T22:05:00,D,BKK,BANGKOK INTL.-SUVARNABHUMI,בנגקוק,BANGKOK,תאילנד,THAILAND,3,78-99,D,ON TIME,בזמן
461,B6,6481,JETBLUE AIRWAYS CORPORATION,2024-02-14T00:05:00,2024-02-14T00:05:00,D,EWR,NEW YORK - NEWARK,ניוארק,NEWARK,ארצות הברית,UNITED STATES,3,78-99,D,ON TIME,בזמן
462,DL,7441,DELTA AIRLINES,2024-02-14T00:05:00,2024-02-14T00:05:00,D,EWR,NEW YORK - NEWARK,ניוארק,NEWARK,ארצות הברית,UNITED STATES,3,78-99,D,ON TIME,בזמן
463,LY,025,EL AL ISRAEL AIRLINES,2024-02-14T00:05:00,2024-02-14T00:05:00,D,EWR,NEW YORK - NEWARK,ניוארק,NEWARK,ארצות הברית,UNITED STATES,3,78-99,D,ON TIME,בזמן
467,AM,7869,AERO MEXICO,2024-02-14T00:45:00,2024-02-14T00:45:00,D,JFK,NEW YORK - J.F.KENNEDY,ניו יורק,NEW YORK,ארצות הברית,UNITED STATES,3,78-99,D,ON TIME,בזמן
468,AM,7875,AERO MEXICO,2024-02-14T00:45:00,2024-02-14T00:45:00,D,LAX,LOS ANGELES,לוס אנג'לס,LOS ANGELES,ארצות הברית,UNITED STATES,3,78-99,D,ON TIME,בזמן
469,AR,7853,AEROLINEAS ARGENTINAS S.A.,2024-02-14T00:45:00,2024-02-14T00:45:00,D,JFK,NEW YORK - J.F.KENNEDY,ניו יורק,NEW YORK,ארצות הברית,UNITED STATES,3,78-99,D,ON TIME,בזמן
470,B6,6451,JETBLUE AIRWAYS CORPORATION,2024-02-14T00:45:00,2024-02-14T00:45:00,D,JFK,NEW YORK - J.F.KENNEDY,ניו יורק,NEW YORK,ארצות הברית,UNITED STATES,3,78-99,D,ON TIME,בזמן
471,B6,6461,JETBLUE AIRWAYS CORPORATION,2024-02-14T00:45:00,2024-02-14T00:45:00,D,LAX,LOS ANGELES,לוס אנג'לס,LOS ANGELES,ארצות הברית,UNITED STATES,3,78-99,D,ON TIME,בזמן
472,DL,7424,DELTA AIRLINES,2024-02-14T00:45:00,2024-02-14T00:45:00,D,JFK,NEW YORK - J.F.KENNEDY,ניו יורק,NEW YORK,ארצות הברית,UNITED STATES,3,78-99,D,ON TIME,בזמן
473,DL,7428,DELTA AIRLINES,2024-02-14T00:45:00,2024-02-14T00:45:00,D,LAX,LOS ANGELES,לוס אנג'לס,LOS ANGELES,ארצות הברית,UNITED STATES,3,78-99,D,ON TIME,בזמן
474,LY,001,EL AL ISRAEL AIRLINES,2024-02-14T00:45:00,2024-02-14T00:45:00,D,JFK,NEW YORK - J.F.KENNEDY,ניו יורק,NEW YORK,ארצות הברית,UNITED STATES,3,78-99,D,ON TIME,בזמן
475,LY,005,EL AL ISRAEL AIRLINES,2024-02-14T00:45:00,2024-02-14T00:45:00,D,LAX,LOS ANGELES,לוס אנג'לס,LOS ANGELES,ארצות הברית,UNITED STATES,3,78-99,D,ON TIME,בזמן
480,AR,7851,AEROLINEAS ARGENTINAS S.A.,2024-02-14T01:00:00,2024-02-14T01:00:00,D,MIA,MIAMI INTERNATIONAL,מיאמי,MIAMI,ארצות הברית,UNITED STATES,3,78-99,D,ON TIME,בזמן
481,B6,6467,JETBLUE AIRWAYS CORPORATION,2024-02-14T01:00:00,2024-02-14T01:00:00,D,MIA,MIAMI INTERNATIONAL,מיאמי,MIAMI,ארצות הברית,UNITED STATES,3,78-99,D,ON TIME,בזמן
482,B6,6483,JETBLUE AIRWAYS CORPORATION,2024-02-14T01:00:00,2024-02-14T01:00:00,D,EWR,NEW YORK - NEWARK,ניוארק,NEWARK,ארצות הברית,UNITED STATES,3,78-99,D,ON TIME,בזמן
483,DL,7437,DELTA AIRLINES,2024-02-14T01:00:00,2024-02-14T01:00:00,D,MIA,MIAMI INTERNATIONAL,מיאמי,MIAMI,ארצות הברית,UNITED STATES,3,78-99,D,ON TIME,בזמן
484,DL,7443,DELTA AIRLINES,2024-02-14T01:00:00,2024-02-14T01:00:00,D,EWR,NEW YORK - NEWARK,ניוארק,NEWARK,ארצות הברית,UNITED STATES,3,78-99,D,ON TIME,בזמן
485,LY,017,EL AL ISRAEL AIRLINES,2024-02-14T01:00:00,2024-02-14T01:00:00,D,MIA,MIAMI INTERNATIONAL,מיאמי,MIAMI,ארצות הברית,UNITED STATES,3,78-99,D,ON TIME,בזמן
486,LY,027,EL AL ISRAEL AIRLINES,2024-02-14T01:00:00,2024-02-14T01:00:00,D,EWR,NEW YORK - NEWARK,ניוארק,NEWARK,ארצות הברית,UNITED STATES,3,78-99,D,ON TIME,בזמן
489,ET,405,ETHIOPIAN AIRLINES,2024-02-14T02:05:00,2024-02-14T02:05:00,D,ADD,ADDIS ABABA,אדיס אבבה,ADDIS ABABA,אתיופיה,ETHIOPIA,3,56-62,C,ON TIME,בזמן
490,LY,8807,EL AL ISRAEL AIRLINES,2024-02-14T02:05:00,2024-02-14T02:05:00,D,ADD,ADDIS ABABA,אדיס אבבה,ADDIS ABABA,אתיופיה,ETHIOPIA,3,56-62,C,ON TIME,בזמן
503,AA,9262,AMERICAN AIRLINES,2024-02-14T05:50:00,2024-02-14T05:50:00,D,CDG,PARIS-CHARLES DE GAULLE,פריס,PARIS,צרפת,FRANCE,3,78-99,D,ON TIME,בזמן
504,AM,7867,AERO MEXICO,2024-02-14T05:50:00,2024-02-14T05:50:00,D,CDG,PARIS-CHARLES DE GAULLE,פריס,PARIS,צרפת,FRANCE,3,78-99,D,ON TIME,בזמן
505,LY,319,EL AL ISRAEL AIRLINES,2024-02-14T05:50:00,2024-02-14T05:50:00,D,CDG,PARIS-CHARLES DE GAULLE,פריס,PARIS,צרפת,FRANCE,3,78-99,D,ON TIME,בזמן
506,SK,3161,SAS,2024-02-14T05:50:00,2024-02-14T05:50:00,D,CDG,PARIS-CHARLES DE GAULLE,פריס,PARIS,צרפת,FRANCE,3,78-99,D,ON TIME,בזמן
507,LY,345,EL AL ISRAEL AIRLINES,2024-02-14T05:55:00,2024-02-14T05:55:00,D,GVA,GENEVA,ז'נבה,GENEVA,שוויץ,SWITZERLAND,3,78-99,D,ON TIME,בזמן
508,LY,2371,EL AL ISRAEL AIRLINES,2024-02-14T06:00:00,2024-02-14T06:00:00,D,BER,BERLIN BRANDENBURG INTL,ברלין,BERLIN,גרמניה,GERMANY,3,78-99,D,ON TIME,בזמן
509,SK,3157,SAS,2024-02-14T06:00:00,2024-02-14T06:00:00,D,BER,BERLIN BRANDENBURG INTL,ברלין,BERLIN,גרמניה,GERMANY,3,78-99,D,ON TIME,בזמן
510,AM,7864,AERO MEXICO,2024-02-14T06:05:00,2024-02-14T06:05:00,D,AMS,AMSTERDAM,אמסטרדם,AMSTERDAM,הולנד,NETHERLANDS,3,78-99,D,ON TIME,בזמן
511,LY,337,EL AL ISRAEL AIRLINES,2024-02-14T06:05:00,2024-02-14T06:05:00,D,AMS,AMSTERDAM,אמסטרדם,AMSTERDAM,הולנד,NETHERLANDS,3,78-99,D,ON TIME,בזמן
512,SK,3155,SAS,2024-02-14T06:05:00,2024-02-14T06:05:00,D,AMS,AMSTERDAM,אמסטרדם,AMSTERDAM,הולנד,NETHERLANDS,3,78-99,D,ON TIME,בזמן
513,AR,7877,AEROLINEAS ARGENTINAS S.A.,2024-02-14T06:10:00,2024-02-14T06:10:00,D,FCO,ROME - FIUMICINO,רומא,ROME,איטליה,ITALY,3,78-99,D,ON TIME,בזמן
514,LY,357,EL AL ISRAEL AIRLINES,2024-02-14T06:10:00,2024-02-14T06:10:00,D,FRA,FRANKFURT,פרנקפורט,FRANKFURT,גרמניה,GERMANY,3,78-99,D,ON TIME,בזמן
515,LY,385,EL AL ISRAEL AIRLINES,2024-02-14T06:10:00,2024-02-14T06:10:00,D,FCO,ROME - FIUMICINO,רומא,ROME,איטליה,ITALY,3,78-99,D,ON TIME,בזמן
516,SK,3165,SAS,2024-02-14T06:10:00,2024-02-14T06:10:00,D,FRA,FRANKFURT,פרנקפורט,FRANKFURT,גרמניה,GERMANY,3,78-99,D,ON TIME,בזמן
517,SK,3167,SAS,2024-02-14T06:10:00,2024-02-14T06:10:00,D,FCO,ROME - FIUMICINO,רומא,ROME,איטליה,ITALY,3,78-99,D,ON TIME,בזמן
518,TP,8898,AIR PORTUGAL,2024-02-14T06:10:00,2024-02-14T06:10:00,D,FCO,ROME - FIUMICINO,רומא,ROME,איטליה,ITALY,3,78-99,D,ON TIME,בזמן
519,AA,9265,AMERICAN AIRLINES,2024-02-14T06:15:00,2024-02-14T06:15:00,D,MAD,MADRID,מדריד,MADRID,ספרד,SPAIN,3,78-99,D,ON TIME,בזמן
520,AM,7879,AERO MEXICO,2024-02-14T06:15:00,2024-02-14T06:15:00,D,MAD,MADRID,מדריד,MADRID,ספרד,SPAIN,3,78-99,D,ON TIME,בזמן
521,AR,7871,AEROLINEAS ARGENTINAS S.A.,2024-02-14T06:15:00,2024-02-14T06:15:00,D,MAD,MADRID,מדריד,MADRID,ספרד,SPAIN,3,78-99,D,ON TIME,בזמן
522,IB,2394,IBERIA,2024-02-14T06:15:00,2024-02-14T06:15:00,D,MAD,MADRID,מדריד,MADRID,ספרד,SPAIN,3,78-99,D,ON TIME,בזמן
524,LY,395,EL AL ISRAEL AIRLINES,2024-02-14T06:15:00,2024-02-14T06:15:00,D,MAD,MADRID,מדריד,MADRID,ספרד,SPAIN,3,78-99,D,ON TIME,בזמן
528,IB,2392,IBERIA,2024-02-14T06:30:00,2024-02-14T06:30:00,D,BCN,BARCELONA,ברצלונה,BARCELONA,ספרד,SPAIN,3,78-99,D,ON TIME,בזמן
529,IZ,291,ARKIA  ISRAELI  AIRLINES,2024-02-14T06:30:00,2024-02-14T06:30:00,D,BUD,BUDAPEST,בודפשט,BUDAPEST,הונגריה,HUNGARY,3,50-55,B,ON TIME,בזמן
530,LY,393,EL AL ISRAEL AIRLINES,2024-02-14T06:30:00,2024-02-14T06:30:00,D,BCN,BARCELONA,ברצלונה,BARCELONA,ספרד,SPAIN,3,78-99,D,ON TIME,בזמן
532,LY,381,EL AL ISRAEL AIRLINES,2024-02-14T06:50:00,2024-02-14T06:50:00,D,MXP,MILAN-MALPENSA,מילאנו,MILAN,איטליה,ITALY,3,78-99,D,ON TIME,בזמן
533,LY,541,EL AL ISRAEL AIRLINES,2024-02-14T06:50:00,2024-02-14T06:50:00,D,ATH,ATHENS,אתונה,ATHENS,יוון,GREECE,3,78-99,D,ON TIME,בזמן
534,SK,3185,SAS,2024-02-14T06:50:00,2024-02-14T06:50:00,D,MXP,MILAN-MALPENSA,מילאנו,MILAN,איטליה,ITALY,3,78-99,D,ON TIME,בזמן
535,TP,8910,AIR PORTUGAL,2024-02-14T06:50:00,2024-02-14T06:50:00,D,MXP,MILAN-MALPENSA,מילאנו,MILAN,איטליה,ITALY,3,78-99,D,ON TIME,בזמן
536,IZ,801,ARKIA  ISRAELI  AIRLINES,2024-02-14T07:00:00,2024-02-14T07:00:00,D,ETM,RAMON,אילת - רמון,RAMON,ישראל,ISRAEL,3,G12-G18,G,ON TIME,בזמן
537,LY,311,EL AL ISRAEL AIRLINES,2024-02-14T07:00:00,2024-02-14T07:00:00,D,LTN,LUTON,לונדון לוטון,LONDON LUTON,בריטניה,UNITED KINGDOM,3,78-99,D,ON TIME,בזמן
538,LY,361,EL AL ISRAEL AIRLINES,2024-02-14T07:00:00,2024-02-14T07:00:00,D,VIE,VIENNA,וינה,VIENNA,אוסטריה,AUSTRIA,3,78-99,D,ON TIME,בזמן
539,LY,573,EL AL ISRAEL AIRLINES,2024-02-14T07:00:00,2024-02-14T07:00:00,D,OTP,BUCHAREST - OTOPENI,בוקרשט,BUCHAREST,רומניה,ROMANIA,3,78-99,D,ON TIME,בזמן
540,LY,2365,EL AL ISRAEL AIRLINES,2024-02-14T07:05:00,2024-02-14T07:05:00,D,BUD,BUDAPEST,בודפשט,BUDAPEST,הונגריה,HUNGARY,3,78-99,D,ON TIME,בזמן
541,6H,661,ISRAIR AIRLINES,2024-02-14T07:20:00,2024-02-14T07:20:00,D,DXB,DUBAI,דובאי,DUBAI,איחוד האמירויות הערב,UNITED ARAB EMIRATES,3,34-37,B,ON TIME,בזמן
542,LY,551,EL AL ISRAEL AIRLINES,2024-02-14T07:30:00,2024-02-14T07:30:00,D,SOF,SOFIA,סופיה,SOFIA,בולגריה,BULGARIA,3,78-99,D,ON TIME,בזמן
543,6H,043,ISRAIR AIRLINES,2024-02-14T07:30:00,2024-02-14T07:30:00,D,ETM,RAMON,אילת - רמון,RAMON,ישראל,ISRAEL,3,G1-G5,G,ON TIME,בזמן
548,6H,883,ISRAIR AIRLINES,2024-02-14T07:45:00,2024-02-14T07:45:00,D,BUS,BATUMI,בטומי,BATUMI,גיאורגיה,GEORGIA,3,37-40,B,ON TIME,בזמן
549,LY,131,EL AL ISRAEL AIRLINES,2024-02-14T08:00:00,2024-02-14T08:00:00,D,AMS,AMSTERDAM,אמסטרדם,AMSTERDAM,הולנד,NETHERLANDS,3,78-99,D,ON TIME,בזמן
551,LY,611,EL AL ISRAEL AIRLINES,2024-02-14T08:20:00,2024-02-14T08:20:00,D,DME,MOSCOW-DOMODEDOVO,מוסקבה,MOSCOW,רוסיה,RUSSIAN FEDERATION,3,78-99,D,ON TIME,בזמן
552,S7,4482,SIBERIA AIRLINES,2024-02-14T08:20:00,2024-02-14T08:20:00,D,DME,MOSCOW-DOMODEDOVO,מוסקבה,MOSCOW,רוסיה,RUSSIAN FEDERATION,3,78-99,D,ON TIME,בזמן
555,AM,7885,AERO MEXICO,2024-02-14T09:00:00,2024-02-14T09:00:00,D,CDG,PARIS-CHARLES DE GAULLE,פריס,PARIS,צרפת,FRANCE,3,78-99,D,ON TIME,בזמן
556,LY,003,EL AL ISRAEL AIRLINES,2024-02-14T09:00:00,2024-02-14T09:00:00,D,JFK,NEW YORK - J.F.KENNEDY,ניו יורק,NEW YORK,ארצות הברית,UNITED STATES,3,78-99,D,ON TIME,בזמן
557,LY,323,EL AL ISRAEL AIRLINES,2024-02-14T09:00:00,2024-02-14T09:00:00,D,CDG,PARIS-CHARLES DE GAULLE,פריס,PARIS,צרפת,FRANCE,3,78-99,D,ON TIME,בזמן
558,SK,3163,SAS,2024-02-14T09:00:00,2024-02-14T09:00:00,D,CDG,PARIS-CHARLES DE GAULLE,פריס,PARIS,צרפת,FRANCE,3,78-99,D,ON TIME,בזמן
559,LY,5129,EL AL ISRAEL AIRLINES,2024-02-14T09:05:00,2024-02-14T09:05:00,D,RMO,CHISINAU,קישינב,CHISINAU,מולדוביה,MOLDOVA,3,78-99,D,ON TIME,בזמן
560,AA,9261,AMERICAN AIRLINES,2024-02-14T09:15:00,2024-02-14T09:15:00,D,LHR,LONDON - HEATHROW,לונדון,LONDON,בריטניה,UNITED KINGDOM,3,78-99,D,ON TIME,בזמן
561,AM,7863,AERO MEXICO,2024-02-14T09:15:00,2024-02-14T09:15:00,D,LHR,LONDON - HEATHROW,לונדון,LONDON,בריטניה,UNITED KINGDOM,3,78-99,D,ON TIME,בזמן
563,LY,315,EL AL ISRAEL AIRLINES,2024-02-14T09:15:00,2024-02-14T09:15:00,D,LHR,LONDON - HEATHROW,לונדון,LONDON,בריטניה,UNITED KINGDOM,3,78-99,D,ON TIME,בזמן
564,SK,3181,SAS,2024-02-14T09:15:00,2024-02-14T09:15:00,D,LHR,LONDON - HEATHROW,לונדון,LONDON,בריטניה,UNITED KINGDOM,3,78-99,D,ON TIME,בזמן
565,IZ,807,ARKIA  ISRAELI  AIRLINES,2024-02-14T10:00:00,2024-02-14T10:00:00,D,ETM,RAMON,אילת - רמון,RAMON,ישראל,ISRAEL,3,G12-G18,G,ON TIME,בזמן
567,6H,563,ISRAIR AIRLINES,2024-02-14T10:00:00,2024-02-14T10:00:00,D,ATH,ATHENS,אתונה,ATHENS,יוון,GREECE,3,34-37,B,ON TIME,בזמן
568,EK,2370,EMIRATES,2024-02-14T10:10:00,2024-02-14T10:10:00,D,DXB,DUBAI,דובאי,DUBAI,איחוד האמירויות הערב,UNITED ARAB EMIRATES,3,56-62,C,ON TIME,בזמן
569,FZ,1550,FLYDUBAI,2024-02-14T10:10:00,2024-02-14T10:10:00,D,DXB,DUBAI,דובאי,DUBAI,איחוד האמירויות הערב,UNITED ARAB EMIRATES,3,56-62,C,ON TIME,בזמן
570,IZ,603,ARKIA  ISRAELI  AIRLINES,2024-02-14T10:15:00,2024-02-14T10:15:00,D,DXB,DUBAI,דובאי,DUBAI,איחוד האמירויות הערב,UNITED ARAB EMIRATES,3,51-55,B,ON TIME,בזמן
574,6H,047,ISRAIR AIRLINES,2024-02-14T11:00:00,2024-02-14T11:00:00,D,ETM,RAMON,אילת - רמון,RAMON,ישראל,ISRAEL,3,G1-G5,G,ON TIME,בזמן
582,LY,5791,EL AL ISRAEL AIRLINES,2024-02-14T11:30:00,2024-02-14T11:30:00,D,BUD,BUDAPEST,בודפשט,BUDAPEST,הונגריה,HUNGARY,3,78-99,D,ON TIME,בזמן
583,EK,2451,EMIRATES,2024-02-14T11:35:00,2024-02-14T11:35:00,D,DXB,DUBAI,דובאי,DUBAI,איחוד האמירויות הערב,UNITED ARAB EMIRATES,3,56-62,C,ON TIME,בזמן
584,FZ,1082,FLYDUBAI,2024-02-14T11:35:00,2024-02-14T11:35:00,D,DXB,DUBAI,דובאי,DUBAI,איחוד האמירויות הערב,UNITED ARAB EMIRATES,3,56-62,C,ON TIME,בזמן
587,LY,615,EL AL ISRAEL AIRLINES,2024-02-14T11:45:00,2024-02-14T11:45:00,D,DME,MOSCOW-DOMODEDOVO,מוסקבה,MOSCOW,רוסיה,RUSSIAN FEDERATION,3,78-99,D,ON TIME,בזמן
590,LY,973,EL AL ISRAEL AIRLINES,2024-02-14T11:50:00,2024-02-14T11:50:00,D,DXB,DUBAI,דובאי,DUBAI,איחוד האמירויות הערב,UNITED ARAB EMIRATES,3,78-99,D,ON TIME,בזמן
593,A4,5026,AZIMUTH AIRLINES,2024-02-14T12:05:00,2024-02-14T12:05:00,D,AER,SOCHI,סוצ'י,SOCHI,רוסיה,RUSSIAN FEDERATION,3,38-40,B,ON TIME,בזמן
597,BZ,112,BLUE BIRD AIRWAYS,2024-02-14T12:40:00,2024-02-14T12:40:00,D,LCA,LARNACA,לרנקה,LARNACA,קפריסין,CYPRUS,3,63-65,C,ON TIME,בזמן
598,A3,927,AEGEAN  AIRLINES,2024-02-14T12:50:00,2024-02-14T12:50:00,D,ATH,ATHENS,אתונה,ATHENS,יוון,GREECE,3,41-44,B,ON TIME,בזמן
599,EK,4978,EMIRATES,2024-02-14T12:50:00,2024-02-14T12:50:00,D,ATH,ATHENS,אתונה,ATHENS,יוון,GREECE,3,41-44,B,ON TIME,בזמן
600,FB,1514,BULGARIA  AIR,2024-02-14T12:50:00,2024-02-14T12:50:00,D,ATH,ATHENS,אתונה,ATHENS,יוון,GREECE,3,41-44,B,ON TIME,בזמן
601,JU,7621,AIR SERBIA,2024-02-14T12:50:00,2024-02-14T12:50:00,D,ATH,ATHENS,אתונה,ATHENS,יוון,GREECE,3,41-44,B,ON TIME,בזמן
602,LX,255,SWISS INT`L  AIRLINES,2024-02-14T12:50:00,2024-02-14T12:50:00,D,ZRH,ZURICH,ציריך,ZURICH,שוויץ,SWITZERLAND,3,24-33,A,ON TIME,בזמן
603,EK,2364,EMIRATES,2024-02-14T12:55:00,2024-02-14T12:55:00,D,DXB,DUBAI,דובאי,DUBAI,איחוד האמירויות הערב,UNITED ARAB EMIRATES,3,56-62,C,ON TIME,בזמן
604,FZ,1212,FLYDUBAI,2024-02-14T12:55:00,2024-02-14T12:55:00,D,DXB,DUBAI,דובאי,DUBAI,איחוד האמירויות הערב,UNITED ARAB EMIRATES,3,56-62,C,ON TIME,בזמן
605,AM,7871,AERO MEXICO,2024-02-14T13:00:00,2024-02-14T13:00:00,D,JFK,NEW YORK - J.F.KENNEDY,ניו יורק,NEW YORK,ארצות הברית,UNITED STATES,3,78-99,D,ON TIME,בזמן
606,AR,7855,AEROLINEAS ARGENTINAS S.A.,2024-02-14T13:00:00,2024-02-14T13:00:00,D,JFK,NEW YORK - J.F.KENNEDY,ניו יורק,NEW YORK,ארצות הברית,UNITED STATES,3,78-99,D,ON TIME,בזמן
607,B6,6455,JETBLUE AIRWAYS CORPORATION,2024-02-14T13:00:00,2024-02-14T13:00:00,D,JFK,NEW YORK - J.F.KENNEDY,ניו יורק,NEW YORK,ארצות הברית,UNITED STATES,3,78-99,D,ON TIME,בזמן
608,DL,7430,DELTA AIRLINES,2024-02-14T13:00:00,2024-02-14T13:00:00,D,JFK,NEW YORK - J.F.KENNEDY,ניו יורק,NEW YORK,ארצות הברית,UNITED STATES,3,78-99,D,ON TIME,בזמן
609,EY,594,ETIHAD AIRWAYS,2024-02-14T13:00:00,2024-02-14T13:00:00,D,AUH,ABU DHABI,אבו דאבי,ABU DHABI,איחוד האמירויות הערב,UNITED ARAB EMIRATES,3,68-74,C,ON TIME,בזמן
610,LY,007,EL AL ISRAEL AIRLINES,2024-02-14T13:00:00,2024-02-14T13:00:00,D,JFK,NEW YORK - J.F.KENNEDY,ניו יורק,NEW YORK,ארצות הברית,UNITED STATES,3,78-99,D,ON TIME,בזמן
611,LY,9601,EL AL ISRAEL AIRLINES,2024-02-14T13:00:00,2024-02-14T13:00:00,D,AUH,ABU DHABI,אבו דאבי,ABU DHABI,איחוד האמירויות הערב,UNITED ARAB EMIRATES,3,68-74,C,ON TIME,בזמן
614,IZ,815,ARKIA  ISRAELI  AIRLINES,2024-02-14T13:10:00,2024-02-14T13:10:00,D,ETM,RAMON,אילת - רמון,RAMON,ישראל,ISRAEL,3,G12-G18,G,ON TIME,בזמן
615,FR,9987,RYANAIR,2024-02-14T13:20:00,2024-02-14T13:20:00,D,MRS,MARSEILLE,מרסיי,MARSEILLE,צרפת,FRANCE,3,46-49,B,ON TIME,בזמן
622,LY,375,EL AL ISRAEL AIRLINES,2024-02-14T13:40:00,2024-02-14T13:40:00,D,LIS,LISBON,ליסבון,LISBON,פורטוגל,PORTUGAL,3,78-99,D,ON TIME,בזמן
623,TP,8920,AIR PORTUGAL,2024-02-14T13:40:00,2024-02-14T13:40:00,D,LIS,LISBON,ליסבון,LISBON,פורטוגל,PORTUGAL,3,78-99,D,ON TIME,בזמן
630,EK,2346,EMIRATES,2024-02-14T14:20:00,2024-02-14T14:20:00,D,DXB,DUBAI,דובאי,DUBAI,איחוד האמירויות הערב,UNITED ARAB EMIRATES,3,56-62,C,ON TIME,בזמן
631,FZ,1126,FLYDUBAI,2024-02-14T14:20:00,2024-02-14T14:20:00,D,DXB,DUBAI,דובאי,DUBAI,איחוד האמירויות הערב,UNITED ARAB EMIRATES,3,56-62,C,ON TIME,בזמן
634,BZ,702,BLUE BIRD AIRWAYS,2024-02-14T14:30:00,2024-02-14T14:30:00,D,ATH,ATHENS,אתונה,ATHENS,יוון,GREECE,3,65-67,C,ON TIME,בזמן
636,6H,725,ISRAIR AIRLINES,2024-02-14T14:30:00,2024-02-14T14:30:00,D,BUD,BUDAPEST,בודפשט,BUDAPEST,הונגריה,HUNGARY,3,34-37,B,ON TIME,בזמן
637,LY,5107,EL AL ISRAEL AIRLINES,2024-02-14T14:35:00,2024-02-14T14:35:00,D,TBS,TBILISI,טביליסי,TBILISI,גיאורגיה,GEORGIA,3,78-99,D,ON TIME,בזמן
638,6H,767,ISRAIR AIRLINES,2024-02-14T14:45:00,2024-02-14T14:45:00,D,PRG,PRAGUE-RUZYNE,פראג,PRAGUE,צ'כיה,CZECH REPUBLIC,3,37-40,B,ON TIME,בזמן
646,IZ,211,ARKIA  ISRAELI  AIRLINES,2024-02-14T15:30:00,2024-02-14T15:30:00,D,ATH,ATHENS,אתונה,ATHENS,יוון,GREECE,3,50-55,B,ON TIME,בזמן
653,LY,343,EL AL ISRAEL AIRLINES,2024-02-14T15:35:00,2024-02-14T15:35:00,D,ZRH,ZURICH,ציריך,ZURICH,שוויץ,SWITZERLAND,3,78-99,D,ON TIME,בזמן
655,SK,3191,SAS,2024-02-14T15:35:00,2024-02-14T15:35:00,D,ZRH,ZURICH,ציריך,ZURICH,שוויץ,SWITZERLAND,3,78-99,D,ON TIME,בזמן
657,LY,387,EL AL ISRAEL AIRLINES,2024-02-14T15:45:00,2024-02-14T15:45:00,D,MXP,MILAN-MALPENSA,מילאנו,MILAN,איטליה,ITALY,3,78-99,D,ON TIME,בזמן
658,SK,3183,SAS,2024-02-14T15:45:00,2024-02-14T15:45:00,D,MXP,MILAN-MALPENSA,מילאנו,MILAN,איטליה,ITALY,3,78-99,D,ON TIME,בזמן
664,AM,7851,AERO MEXICO,2024-02-14T16:10:00,2024-02-14T16:10:00,D,AMS,AMSTERDAM,אמסטרדם,AMSTERDAM,הולנד,NETHERLANDS,3,78-99,D,ON TIME,בזמן
665,LY,339,EL AL ISRAEL AIRLINES,2024-02-14T16:10:00,2024-02-14T16:10:00,D,AMS,AMSTERDAM,אמסטרדם,AMSTERDAM,הולנד,NETHERLANDS,3,78-99,D,ON TIME,בזמן
666,SK,3151,SAS,2024-02-14T16:10:00,2024-02-14T16:10:00,D,AMS,AMSTERDAM,אמסטרדם,AMSTERDAM,הולנד,NETHERLANDS,3,78-99,D,ON TIME,בזמן
667,IZ,161,ARKIA  ISRAELI  AIRLINES,2024-02-14T16:15:00,2024-02-14T16:15:00,D,LCA,LARNACA,לרנקה,LARNACA,קפריסין,CYPRUS,3,46-50,B,ON TIME,בזמן
669,IZ,821,ARKIA  ISRAELI  AIRLINES,2024-02-14T16:30:00,2024-02-14T16:30:00,D,ETM,RAMON,אילת - רמון,RAMON,ישראל,ISRAEL,3,G12-G18,G,ON TIME,בזמן
670,LH,687,LUFTHANSA,2024-02-14T16:35:00,2024-02-14T16:35:00,D,FRA,FRANKFURT,פרנקפורט,FRANKFURT,גרמניה,GERMANY,3,24-33,A,ON TIME,בזמן
671,SN,7174,BRUSSELS AIRLINES,2024-02-14T16:35:00,2024-02-14T16:35:00,D,FRA,FRANKFURT,פרנקפורט,FRANKFURT,גרמניה,GERMANY,3,24-33,A,ON TIME,בזמן
672,UA,9123,UNITED AIRLINES,2024-02-14T16:35:00,2024-02-14T16:35:00,D,FRA,FRANKFURT,פרנקפורט,FRANKFURT,גרמניה,GERMANY,3,24-33,A,ON TIME,בזמן
677,6H,561,ISRAIR AIRLINES,2024-02-14T16:40:00,2024-02-14T16:40:00,D,ATH,ATHENS,אתונה,ATHENS,יוון,GREECE,3,40-43,B,ON TIME,בזמן
678,AM,7853,AERO MEXICO,2024-02-14T16:50:00,2024-02-14T16:50:00,D,CDG,PARIS-CHARLES DE GAULLE,פריס,PARIS,צרפת,FRANCE,3,78-99,D,ON TIME,בזמן
679,LY,325,EL AL ISRAEL AIRLINES,2024-02-14T16:50:00,2024-02-14T16:50:00,D,CDG,PARIS-CHARLES DE GAULLE,פריס,PARIS,צרפת,FRANCE,3,78-99,D,ON TIME,בזמן
682,AM,7866,AERO MEXICO,2024-02-14T17:05:00,2024-02-14T17:05:00,D,MAD,MADRID,מדריד,MADRID,ספרד,SPAIN,3,78-99,D,ON TIME,בזמן
683,AR,7873,AEROLINEAS ARGENTINAS S.A.,2024-02-14T17:05:00,2024-02-14T17:05:00,D,MAD,MADRID,מדריד,MADRID,ספרד,SPAIN,3,78-99,D,ON TIME,בזמן
684,IB,2396,IBERIA,2024-02-14T17:05:00,2024-02-14T17:05:00,D,MAD,MADRID,מדריד,MADRID,ספרד,SPAIN,3,78-99,D,ON TIME,בזמן
685,LY,397,EL AL ISRAEL AIRLINES,2024-02-14T17:05:00,2024-02-14T17:05:00,D,MAD,MADRID,מדריד,MADRID,ספרד,SPAIN,3,78-99,D,ON TIME,בזמן
691,AM,7877,AERO MEXICO,2024-02-14T17:15:00,2024-02-14T17:15:00,D,LHR,LONDON - HEATHROW,לונדון,LONDON,בריטניה,UNITED KINGDOM,3,78-99,D,ON TIME,בזמן
692,LY,317,EL AL ISRAEL AIRLINES,2024-02-14T17:15:00,2024-02-14T17:15:00,D,LHR,LONDON - HEATHROW,לונדון,LONDON,בריטניה,UNITED KINGDOM,3,78-99,D,ON TIME,בזמן
693,6H,583,ISRAIR AIRLINES,2024-02-14T17:15:00,2024-02-14T17:15:00,D,LCA,LARNACA,לרנקה,LARNACA,קפריסין,CYPRUS,3,34-37,B,ON TIME,בזמן
694,LY,083,EL AL ISRAEL AIRLINES,2024-02-14T17:25:00,2024-02-14T17:25:00,D,BKK,BANGKOK INTL.-SUVARNABHUMI,בנגקוק,BANGKOK,תאילנד,THAILAND,3,78-99,D,ON TIME,בזמן
695,QF,5018,QANTAS AIRWAYS,2024-02-14T17:25:00,2024-02-14T17:25:00,D,BKK,BANGKOK INTL.-SUVARNABHUMI,בנגקוק,BANGKOK,תאילנד,THAILAND,3,78-99,D,ON TIME,בזמן
696,TG,4586,THAI AIRWAYS,2024-02-14T17:25:00,2024-02-14T17:25:00,D,BKK,BANGKOK INTL.-SUVARNABHUMI,בנגקוק,BANGKOK,תאילנד,THAILAND,3,78-99,D,ON TIME,בזמן
697,LY,5109,EL AL ISRAEL AIRLINES,2024-02-14T17:30:00,2024-02-14T17:30:00,D,TBS,TBILISI,טביליסי,TBILISI,גיאורגיה,GEORGIA,3,78-99,D,ON TIME,בזמן
698,LY,2523,EL AL ISRAEL AIRLINES,2024-02-14T17:45:00,2024-02-14T17:45:00,D,PRG,PRAGUE-RUZYNE,פראג,PRAGUE,צ'כיה,CZECH REPUBLIC,3,78-99,D,ON TIME,בזמן
702,IB,2390,IBERIA,2024-02-14T17:50:00,2024-02-14T17:50:00,D,BCN,BARCELONA,ברצלונה,BARCELONA,ספרד,SPAIN,3,78-99,D,ON TIME,בזמן
704,LY,391,EL AL ISRAEL AIRLINES,2024-02-14T17:50:00,2024-02-14T17:50:00,D,BCN,BARCELONA,ברצלונה,BARCELONA,ספרד,SPAIN,3,78-99,D,ON TIME,בזמן
706,LY,571,EL AL ISRAEL AIRLINES,2024-02-14T17:50:00,2024-02-14T17:50:00,D,OTP,BUCHAREST - OTOPENI,בוקרשט,BUCHAREST,רומניה,ROMANIA,3,78-99,D,ON TIME,בזמן
709,LY,2367,EL AL ISRAEL AIRLINES,2024-02-14T18:50:00,2024-02-14T18:50:00,D,BUD,BUDAPEST,בודפשט,BUDAPEST,הונגריה,HUNGARY,3,78-99,D,ON TIME,בזמן
712,LY,543,EL AL ISRAEL AIRLINES,2024-02-14T19:15:00,2024-02-14T19:15:00,D,ATH,ATHENS,אתונה,ATHENS,יוון,GREECE,3,78-99,D,ON TIME,בזמן
713,LY,5133,EL AL ISRAEL AIRLINES,2024-02-14T19:20:00,2024-02-14T19:20:00,D,LCA,LARNACA,לרנקה,LARNACA,קפריסין,CYPRUS,3,78-99,D,ON TIME,בזמן
714,IZ,827,ARKIA  ISRAELI  AIRLINES,2024-02-14T19:50:00,2024-02-14T19:50:00,D,ETM,RAMON,אילת - רמון,RAMON,ישראל,ISRAEL,3,G12-G18,G,ON TIME,בזמן
719,LY,081,EL AL ISRAEL AIRLINES,2024-02-14T20:05:00,2024-02-14T20:05:00,D,BKK,BANGKOK INTL.-SUVARNABHUMI,בנגקוק,BANGKOK,תאילנד,THAILAND,3,78-99,D,ON TIME,בזמן
720,QF,5020,QANTAS AIRWAYS,2024-02-14T20:05:00,2024-02-14T20:05:00,D,BKK,BANGKOK INTL.-SUVARNABHUMI,בנגקוק,BANGKOK,תאילנד,THAILAND,3,78-99,D,ON TIME,בזמן
721,TG,4584,THAI AIRWAYS,2024-02-14T20:05:00,2024-02-14T20:05:00,D,BKK,BANGKOK INTL.-SUVARNABHUMI,בנגקוק,BANGKOK,תאילנד,THAILAND,3,78-99,D,ON TIME,בזמן
722,VN,3298,VIETNAM AIRLINES,2024-02-14T20:05:00,2024-02-14T20:05:00,D,BKK,BANGKOK INTL.-SUVARNABHUMI,בנגקוק,BANGKOK,תאילנד,THAILAND,3,78-99,D,ON TIME,בזמן
728,LY,051,EL AL ISRAEL AIRLINES,2024-02-14T21:00:00,2024-02-14T21:00:00,D,JNB,JOHANNESBURG,יוהנסבורג,JOHANNESBURG,דרום אפריקה,SOUTH AFRICA,3,78-99,D,ON TIME,בזמן
729,QF,5024,QANTAS AIRWAYS,2024-02-14T21:00:00,2024-02-14T21:00:00,D,JNB,JOHANNESBURG,יוהנסבורג,JOHANNESBURG,דרום אפריקה,SOUTH AFRICA,3,78-99,D,ON TIME,בזמן
740,B6,6481,JETBLUE AIRWAYS CORPORATION,2024-02-15T00:05:00,2024-02-15T00:05:00,D,EWR,NEW YORK - NEWARK,ניוארק,NEWARK,ארצות הברית,UNITED STATES,3,78-99,D,ON TIME,בזמן
741,DL,7441,DELTA AIRLINES,2024-02-15T00:05:00,2024-02-15T00:05:00,D,EWR,NEW YORK - NEWARK,ניוארק,NEWARK,ארצות הברית,UNITED STATES,3,78-99,D,ON TIME,בזמן
742,LY,025,EL AL ISRAEL AIRLINES,2024-02-15T00:05:00,2024-02-15T00:05:00,D,EWR,NEW YORK - NEWARK,ניוארק,NEWARK,ארצות הברית,UNITED STATES,3,78-99,D,ON TIME,בזמן
746,AM,7869,AERO MEXICO,2024-02-15T00:45:00,2024-02-15T00:45:00,D,JFK,NEW YORK - J.F.KENNEDY,ניו יורק,NEW YORK,ארצות הברית,UNITED STATES,3,78-99,D,ON TIME,בזמן
747,AM,7875,AERO MEXICO,2024-02-15T00:45:00,2024-02-15T00:45:00,D,LAX,LOS ANGELES,לוס אנג'לס,LOS ANGELES,ארצות הברית,UNITED STATES,3,78-99,D,ON TIME,בזמן
748,AR,7853,AEROLINEAS ARGENTINAS S.A.,2024-02-15T00:45:00,2024-02-15T00:45:00,D,JFK,NEW YORK - J.F.KENNEDY,ניו יורק,NEW YORK,ארצות הברית,UNITED STATES,3,78-99,D,ON TIME,בזמן
749,B6,6451,JETBLUE AIRWAYS CORPORATION,2024-02-15T00:45:00,2024-02-15T00:45:00,D,JFK,NEW YORK - J.F.KENNEDY,ניו יורק,NEW YORK,ארצות הברית,UNITED STATES,3,78-99,D,ON TIME,בזמן
750,B6,6461,JETBLUE AIRWAYS CORPORATION,2024-02-15T00:45:00,2024-02-15T00:45:00,D,LAX,LOS ANGELES,לוס אנג'לס,LOS ANGELES,ארצות הברית,UNITED STATES,3,78-99,D,ON TIME,בזמן
751,DL,7424,DELTA AIRLINES,2024-02-15T00:45:00,2024-02-15T00:45:00,D,JFK,NEW YORK - J.F.KENNEDY,ניו יורק,NEW YORK,ארצות הברית,UNITED STATES,3,78-99,D,ON TIME,בזמן
752,DL,7428,DELTA AIRLINES,2024-02-15T00:45:00,2024-02-15T00:45:00,D,LAX,LOS ANGELES,לוס אנג'לס,LOS ANGELES,ארצות הברית,UNITED STATES,3,78-99,D,ON TIME,בזמן
753,LY,001,EL AL ISRAEL AIRLINES,2024-02-15T00:45:00,2024-02-15T00:45:00,D,JFK,NEW YORK - J.F.KENNEDY,ניו יורק,NEW YORK,ארצות הברית,UNITED STATES,3,78-99,D,ON TIME,בזמן
754,LY,005,EL AL ISRAEL AIRLINES,2024-02-15T00:45:00,2024-02-15T00:45:00,D,LAX,LOS ANGELES,לוס אנג'לס,LOS ANGELES,ארצות הברית,UNITED STATES,3,78-99,D,ON TIME,בזמן
758,AR,7851,AEROLINEAS ARGENTINAS S.A.,2024-02-15T01:00:00,2024-02-15T01:00:00,D,MIA,MIAMI INTERNATIONAL,מיאמי,MIAMI,ארצות הברית,UNITED STATES,3,78-99,D,ON TIME,בזמן
759,B6,6467,JETBLUE AIRWAYS CORPORATION,2024-02-15T01:00:00,2024-02-15T01:00:00,D,MIA,MIAMI INTERNATIONAL,מיאמי,MIAMI,ארצות הברית,UNITED STATES,3,78-99,D,ON TIME,בזמן
760,B6,6483,JETBLUE AIRWAYS CORPORATION,2024-02-15T01:00:00,2024-02-15T01:00:00,D,EWR,NEW YORK - NEWARK,ניוארק,NEWARK,ארצות הברית,UNITED STATES,3,78-99,D,ON TIME,בזמן
761,DL,7437,DELTA AIRLINES,2024-02-15T01:00:00,2024-02-15T01:00:00,D,MIA,MIAMI INTERNATIONAL,מיאמי,MIAMI,ארצות הברית,UNITED STATES,3,78-99,D,ON TIME,בזמן
762,DL,7443,DELTA AIRLINES,2024-02-15T01:00:00,2024-02-15T01:00:00,D,EWR,NEW YORK - NEWARK,ניוארק,NEWARK,ארצות הברית,UNITED STATES,3,78-99,D,ON TIME,בזמן
763,LY,017,EL AL ISRAEL AIRLINES,2024-02-15T01:00:00,2024-02-15T01:00:00,D,MIA,MIAMI INTERNATIONAL,מיאמי,MIAMI,ארצות הברית,UNITED STATES,3,78-99,D,ON TIME,בזמן
764,LY,027,EL AL ISRAEL AIRLINES,2024-02-15T01:00:00,2024-02-15T01:00:00,D,EWR,NEW YORK - NEWARK,ניוארק,NEWARK,ארצות הברית,UNITED STATES,3,78-99,D,ON TIME,בזמן
765,B6,6465,JETBLUE AIRWAYS CORPORATION,2024-02-15T01:05:00,2024-02-15T01:05:00,D,BOS,BOSTON-LOGAN INT,בוסטון,BOSTON,ארצות הברית,UNITED STATES,3,78-99,D,ON TIME,בזמן
766,DL,7435,DELTA AIRLINES,2024-02-15T01:05:00,2024-02-15T01:05:00,D,BOS,BOSTON-LOGAN INT,בוסטון,BOSTON,ארצות הברית,UNITED STATES,3,78-99,D,ON TIME,בזמן
768,LY,015,EL AL ISRAEL AIRLINES,2024-02-15T01:05:00,2024-02-15T01:05:00,D,BOS,BOSTON-LOGAN INT,בוסטון,BOSTON,ארצות הברית,UNITED STATES,3,78-99,D,ON TIME,בזמן
771,LY,613,EL AL ISRAEL AIRLINES,2024-02-15T01:20:00,2024-02-15T01:20:00,D,DME,MOSCOW-DOMODEDOVO,מוסקבה,MOSCOW,רוסיה,RUSSIAN FEDERATION,3,78-99,D,ON TIME,בזמן
773,ET,405,ETHIOPIAN AIRLINES,2024-02-15T02:05:00,2024-02-15T02:05:00,D,ADD,ADDIS ABABA,אדיס אבבה,ADDIS ABABA,אתיופיה,ETHIOPIA,3,56-62,C,ON TIME,בזמן
774,LY,8807,EL AL ISRAEL AIRLINES,2024-02-15T02:05:00,2024-02-15T02:05:00,D,ADD,ADDIS ABABA,אדיס אבבה,ADDIS ABABA,אתיופיה,ETHIOPIA,3,56-62,C,ON TIME,בזמן
785,A3,929,AEGEAN  AIRLINES,2024-02-15T03:50:00,2024-02-15T03:50:00,D,ATH,ATHENS,אתונה,ATHENS,יוון,GREECE,3,34-37,B,ON TIME,בזמן
786,FB,1529,BULGARIA  AIR,2024-02-15T03:50:00,2024-02-15T03:50:00,D,ATH,ATHENS,אתונה,ATHENS,יוון,GREECE,3,34-37,B,ON TIME,בזמן
787,JU,7623,AIR SERBIA,2024-02-15T03:50:00,2024-02-15T03:50:00,D,ATH,ATHENS,אתונה,ATHENS,יוון,GREECE,3,34-37,B,ON TIME,בזמן
788,NH,5620,ALL NIPPON AIRWAYS,2024-02-15T03:50:00,2024-02-15T03:50:00,D,VIE,VIENNA,וינה,VIENNA,אוסטריה,AUSTRIA,3,12-21,A,ON TIME,בזמן
789,OS,860,AUSTRIAN AIRLINES,2024-02-15T03:50:00,2024-02-15T03:50:00,D,VIE,VIENNA,וינה,VIENNA,אוסטריה,AUSTRIA,3,12-21,A,ON TIME,בזמן
806,LY,551,EL AL ISRAEL AIRLINES,2024-02-15T05:20:00,2024-02-15T05:20:00,D,SOF,SOFIA,סופיה,SOFIA,בולגריה,BULGARIA,3,78-99,D,ON TIME,בזמן
807,LY,311,EL AL ISRAEL AIRLINES,2024-02-15T05:30:00,2024-02-15T05:30:00,D,LTN,LUTON,לונדון לוטון,LONDON LUTON,בריטניה,UNITED KINGDOM,3,78-99,D,ON TIME,בזמן
808,QS,1287,SMARTWINGS,2024-02-15T05:35:00,2024-02-15T05:35:00,D,PRG,PRAGUE-RUZYNE,פראג,PRAGUE,צ'כיה,CZECH REPUBLIC,3,56-58,C,ON TIME,בזמן
809,AA,9262,AMERICAN AIRLINES,2024-02-15T05:50:00,2024-02-15T05:50:00,D,CDG,PARIS-CHARLES DE GAULLE,פריס,PARIS,צרפת,FRANCE,3,78-99,D,ON TIME,בזמן
810,AM,7867,AERO MEXICO,2024-02-15T05:50:00,2024-02-15T05:50:00,D,CDG,PARIS-CHARLES DE GAULLE,פריס,PARIS,צרפת,FRANCE,3,78-99,D,ON TIME,בזמן
811,LY,319,EL AL ISRAEL AIRLINES,2024-02-15T05:50:00,2024-02-15T05:50:00,D,CDG,PARIS-CHARLES DE GAULLE,פריס,PARIS,צרפת,FRANCE,3,78-99,D,ON TIME,בזמן
812,SK,3161,SAS,2024-02-15T05:50:00,2024-02-15T05:50:00,D,CDG,PARIS-CHARLES DE GAULLE,פריס,PARIS,צרפת,FRANCE,3,78-99,D,ON TIME,בזמן
813,AR,7877,AEROLINEAS ARGENTINAS S.A.,2024-02-15T06:00:00,2024-02-15T06:00:00,D,FCO,ROME - FIUMICINO,רומא,ROME,איטליה,ITALY,3,78-99,D,ON TIME,בזמן
814,LY,2371,EL AL ISRAEL AIRLINES,2024-02-15T06:00:00,2024-02-15T06:00:00,D,BER,BERLIN BRANDENBURG INTL,ברלין,BERLIN,גרמניה,GERMANY,3,78-99,D,ON TIME,בזמן
815,LY,357,EL AL ISRAEL AIRLINES,2024-02-15T06:00:00,2024-02-15T06:00:00,D,FRA,FRANKFURT,פרנקפורט,FRANKFURT,גרמניה,GERMANY,3,78-99,D,ON TIME,בזמן
816,LY,385,EL AL ISRAEL AIRLINES,2024-02-15T06:00:00,2024-02-15T06:00:00,D,FCO,ROME - FIUMICINO,רומא,ROME,איטליה,ITALY,3,78-99,D,ON TIME,בזמן
817,SK,3157,SAS,2024-02-15T06:00:00,2024-02-15T06:00:00,D,BER,BERLIN BRANDENBURG INTL,ברלין,BERLIN,גרמניה,GERMANY,3,78-99,D,ON TIME,בזמן
818,SK,3165,SAS,2024-02-15T06:00:00,2024-02-15T06:00:00,D,FRA,FRANKFURT,פרנקפורט,FRANKFURT,גרמניה,GERMANY,3,78-99,D,ON TIME,בזמן
819,SK,3167,SAS,2024-02-15T06:00:00,2024-02-15T06:00:00,D,FCO,ROME - FIUMICINO,רומא,ROME,איטליה,ITALY,3,78-99,D,ON TIME,בזמן
820,TP,8898,AIR PORTUGAL,2024-02-15T06:00:00,2024-02-15T06:00:00,D,FCO,ROME - FIUMICINO,רומא,ROME,איטליה,ITALY,3,78-99,D,ON TIME,בזמן
821,AM,7864,AERO MEXICO,2024-02-15T06:05:00,2024-02-15T06:05:00,D,AMS,AMSTERDAM,אמסטרדם,AMSTERDAM,הולנד,NETHERLANDS,3,78-99,D,ON TIME,בזמן
822,LY,337,EL AL ISRAEL AIRLINES,2024-02-15T06:05:00,2024-02-15T06:05:00,D,AMS,AMSTERDAM,אמסטרדם,AMSTERDAM,הולנד,NETHERLANDS,3,78-99,D,ON TIME,בזמן
823,LY,971,EL AL ISRAEL AIRLINES,2024-02-15T06:05:00,2024-02-15T06:05:00,D,DXB,DUBAI,דובאי,DUBAI,איחוד האמירויות הערב,UNITED ARAB EMIRATES,3,78-99,D,ON TIME,בזמן
824,SK,3155,SAS,2024-02-15T06:05:00,2024-02-15T06:05:00,D,AMS,AMSTERDAM,אמסטרדם,AMSTERDAM,הולנד,NETHERLANDS,3,78-99,D,ON TIME,בזמן
825,LY,345,EL AL ISRAEL AIRLINES,2024-02-15T06:10:00,2024-02-15T06:10:00,D,GVA,GENEVA,ז'נבה,GENEVA,שוויץ,SWITZERLAND,3,78-99,D,ON TIME,בזמן
826,AA,9265,AMERICAN AIRLINES,2024-02-15T06:15:00,2024-02-15T06:15:00,D,MAD,MADRID,מדריד,MADRID,ספרד,SPAIN,3,78-99,D,ON TIME,בזמן
827,AM,7879,AERO MEXICO,2024-02-15T06:15:00,2024-02-15T06:15:00,D,MAD,MADRID,מדריד,MADRID,ספרד,SPAIN,3,78-99,D,ON TIME,בזמן
828,AR,7871,AEROLINEAS ARGENTINAS S.A.,2024-02-15T06:15:00,2024-02-15T06:15:00,D,MAD,MADRID,מדריד,MADRID,ספרד,SPAIN,3,78-99,D,ON TIME,בזמן
829,IB,2394,IBERIA,2024-02-15T06:15:00,2024-02-15T06:15:00,D,MAD,MADRID,מדריד,MADRID,ספרד,SPAIN,3,78-99,D,ON TIME,בזמן
831,LY,395,EL AL ISRAEL AIRLINES,2024-02-15T06:15:00,2024-02-15T06:15:00,D,MAD,MADRID,מדריד,MADRID,ספרד,SPAIN,3,78-99,D,ON TIME,בזמן
835,LY,215,EL AL ISRAEL AIRLINES,2024-02-15T06:20:00,2024-02-15T06:20:00,D,LHR,LONDON - HEATHROW,לונדון,LONDON,בריטניה,UNITED KINGDOM,3,78-99,D,ON TIME,בזמן
836,IB,2392,IBERIA,2024-02-15T06:30:00,2024-02-15T06:30:00,D,BCN,BARCELONA,ברצלונה,BARCELONA,ספרד,SPAIN,3,78-99,D,ON TIME,בזמן
837,LY,361,EL AL ISRAEL AIRLINES,2024-02-15T06:30:00,2024-02-15T06:30:00,D,VIE,VIENNA,וינה,VIENNA,אוסטריה,AUSTRIA,3,78-99,D,ON TIME,בזמן
838,LY,393,EL AL ISRAEL AIRLINES,2024-02-15T06:30:00,2024-02-15T06:30:00,D,BCN,BARCELONA,ברצלונה,BARCELONA,ספרד,SPAIN,3,78-99,D,ON TIME,בזמן
843,LY,381,EL AL ISRAEL AIRLINES,2024-02-15T06:50:00,2024-02-15T06:50:00,D,MXP,MILAN-MALPENSA,מילאנו,MILAN,איטליה,ITALY,3,78-99,D,ON TIME,בזמן
844,SK,3185,SAS,2024-02-15T06:50:00,2024-02-15T06:50:00,D,MXP,MILAN-MALPENSA,מילאנו,MILAN,איטליה,ITALY,3,78-99,D,ON TIME,בזמן
845,TP,8910,AIR PORTUGAL,2024-02-15T06:50:00,2024-02-15T06:50:00,D,MXP,MILAN-MALPENSA,מילאנו,MILAN,איטליה,ITALY,3,78-99,D,ON TIME,בזמן
846,IZ,801,ARKIA  ISRAELI  AIRLINES,2024-02-15T07:00:00,2024-02-15T07:00:00,D,ETM,RAMON,אילת - רמון,RAMON,ישראל,ISRAEL,3,G14-G18,G,ON TIME,בזמן
847,LY,573,EL AL ISRAEL AIRLINES,2024-02-15T07:00:00,2024-02-15T07:00:00,D,OTP,BUCHAREST - OTOPENI,בוקרשט,BUCHAREST,רומניה,ROMANIA,3,78-99,D,ON TIME,בזמן
848,6H,883,ISRAIR AIRLINES,2024-02-15T07:00:00,2024-02-15T07:00:00,D,BUS,BATUMI,בטומי,BATUMI,גיאורגיה,GEORGIA,3,34-37,B,ON TIME,בזמן
849,LY,2365,EL AL ISRAEL AIRLINES,2024-02-15T07:05:00,2024-02-15T07:05:00,D,BUD,BUDAPEST,בודפשט,BUDAPEST,הונגריה,HUNGARY,3,78-99,D,ON TIME,בזמן
850,6H,661,ISRAIR AIRLINES,2024-02-15T07:20:00,2024-02-15T07:20:00,D,DXB,DUBAI,דובאי,DUBAI,איחוד האמירויות הערב,UNITED ARAB EMIRATES,3,37-40,B,ON TIME,בזמן
851,LY,2521,EL AL ISRAEL AIRLINES,2024-02-15T07:25:00,2024-02-15T07:25:00,D,PRG,PRAGUE-RUZYNE,פראג,PRAGUE,צ'כיה,CZECH REPUBLIC,3,78-99,D,ON TIME,בזמן
852,6H,041,ISRAIR AIRLINES,2024-02-15T07:30:00,2024-02-15T07:30:00,D,ETM,RAMON,אילת - רמון,RAMON,ישראל,ISRAEL,3,G1-G6,G,ON TIME,בזמן
853,6H,841,ISRAIR AIRLINES,2024-02-15T07:30:00,2024-02-15T07:30:00,D,RMO,CHISINAU,קישינב,CHISINAU,מולדוביה,MOLDOVA,3,40-43,B,ON TIME,בזמן
858,LY,5101,EL AL ISRAEL AIRLINES,2024-02-15T08:15:00,2024-02-15T08:15:00,D,WAW,WARSAW,ורשה,WARSAW,פולין,POLAND,3,78-99,D,ON TIME,בזמן
859,LY,023,EL AL ISRAEL AIRLINES,2024-02-15T08:35:00,2024-02-15T08:35:00,D,EWR,NEW YORK - NEWARK,ניוארק,NEWARK,ארצות הברית,UNITED STATES,3,78-99,D,ON TIME,בזמן
860,LY,541,EL AL ISRAEL AIRLINES,2024-02-15T08:35:00,2024-02-15T08:35:00,D,ATH,ATHENS,אתונה,ATHENS,יוון,GREECE,3,78-99,D,ON TIME,בזמן
861,LY,009,EL AL ISRAEL AIRLINES,2024-02-15T08:50:00,2024-02-15T08:50:00,D,JFK,NEW YORK - J.F.KENNEDY,ניו יורק,NEW YORK,ארצות הברית,UNITED STATES,3,78-99,D,ON TIME,בזמן
864,IZ,415,ARKIA  ISRAELI  AIRLINES,2024-02-15T09:10:00,2024-02-15T09:10:00,D,BUS,BATUMI,בטומי,BATUMI,גיאורגיה,GEORGIA,3,30-33,A,ON TIME,בזמן
865,AA,9261,AMERICAN AIRLINES,2024-02-15T09:15:00,2024-02-15T09:15:00,D,LHR,LONDON - HEATHROW,לונדון,LONDON,בריטניה,UNITED KINGDOM,3,78-99,D,ON TIME,בזמן
866,AM,7863,AERO MEXICO,2024-02-15T09:15:00,2024-02-15T09:15:00,D,LHR,LONDON - HEATHROW,לונדון,LONDON,בריטניה,UNITED KINGDOM,3,78-99,D,ON TIME,בזמן
867,LY,315,EL AL ISRAEL AIRLINES,2024-02-15T09:15:00,2024-02-15T09:15:00,D,LHR,LONDON - HEATHROW,לונדון,LONDON,בריטניה,UNITED KINGDOM,3,78-99,D,ON TIME,בזמן
868,SK,3181,SAS,2024-02-15T09:15:00,2024-02-15T09:15:00,D,LHR,LONDON - HEATHROW,לונדון,LONDON,בריטניה,UNITED KINGDOM,3,78-99,D,ON TIME,בזמן
870,AM,7885,AERO MEXICO,2024-02-15T09:45:00,2024-02-15T09:45:00,D,CDG,PARIS-CHARLES DE GAULLE,פריס,PARIS,צרפת,FRANCE,3,78-99,D,ON TIME,בזמן
871,LY,323,EL AL ISRAEL AIRLINES,2024-02-15T09:45:00,2024-02-15T09:45:00,D,CDG,PARIS-CHARLES DE GAULLE,פריס,PARIS,צרפת,FRANCE,3,78-99,D,ON TIME,בזמן
872,SK,3163,SAS,2024-02-15T09:45:00,2024-02-15T09:45:00,D,CDG,PARIS-CHARLES DE GAULLE,פריס,PARIS,צרפת,FRANCE,3,78-99,D,ON TIME,בזמן
874,EK,2370,EMIRATES,2024-02-15T10:10:00,2024-02-15T10:10:00,D,DXB,DUBAI,דובאי,DUBAI,איחוד האמירויות הערב,UNITED ARAB EMIRATES,3,49-55,B,ON TIME,בזמן
875,FZ,1550,FLYDUBAI,2024-02-15T10:10:00,2024-02-15T10:10:00,D,DXB,DUBAI,דובאי,DUBAI,איחוד האמירויות הערב,UNITED ARAB EMIRATES,3,49-55,B,ON TIME,בזמן
882,IZ,807,ARKIA  ISRAELI  AIRLINES,2024-02-15T10:20:00,2024-02-15T10:20:00,D,ETM,RAMON,אילת - רמון,RAMON,ישראל,ISRAEL,3,G14-G18,G,ON TIME,בזמן
884,LY,5141,EL AL ISRAEL AIRLINES,2024-02-15T10:20:00,2024-02-15T10:20:00,D,LCA,LARNACA,לרנקה,LARNACA,קפריסין,CYPRUS,3,78-99,D,ON TIME,בזמן
886,6H,725,ISRAIR AIRLINES,2024-02-15T11:15:00,2024-02-15T11:15:00,D,BUD,BUDAPEST,בודפשט,BUDAPEST,הונגריה,HUNGARY,3,38-41,B,ON TIME,בזמן
888,EK,2451,EMIRATES,2024-02-15T11:35:00,2024-02-15T11:35:00,D,DXB,DUBAI,דובאי,DUBAI,איחוד האמירויות הערב,UNITED ARAB EMIRATES,3,49-55,B,ON TIME,בזמן
889,FZ,1082,FLYDUBAI,2024-02-15T11:35:00,2024-02-15T11:35:00,D,DXB,DUBAI,דובאי,DUBAI,איחוד האמירויות הערב,UNITED ARAB EMIRATES,3,49-55,B,ON TIME,בזמן
893,IZ,211,ARKIA  ISRAELI  AIRLINES,2024-02-15T11:50:00,2024-02-15T11:50:00,D,ATH,ATHENS,אתונה,ATHENS,יוון,GREECE,3,29-33,A,ON TIME,בזמן
894,IZ,815,ARKIA  ISRAELI  AIRLINES,2024-02-15T11:50:00,2024-02-15T11:50:00,D,ETM,RAMON,אילת - רמון,RAMON,ישראל,ISRAEL,3,G14-G18,G,ON TIME,בזמן
898,LY,973,EL AL ISRAEL AIRLINES,2024-02-15T12:10:00,2024-02-15T12:10:00,D,DXB,DUBAI,דובאי,DUBAI,איחוד האמירויות הערב,UNITED ARAB EMIRATES,3,78-99,D,ON TIME,בזמן
899,LY,327,EL AL ISRAEL AIRLINES,2024-02-15T12:20:00,2024-02-15T12:20:00,D,CDG,PARIS-CHARLES DE GAULLE,פריס,PARIS,צרפת,FRANCE,3,78-99,D,ON TIME,בזמן
900,SK,3159,SAS,2024-02-15T12:20:00,2024-02-15T12:20:00,D,CDG,PARIS-CHARLES DE GAULLE,פריס,PARIS,צרפת,FRANCE,3,78-99,D,ON TIME,בזמן
901,HY,302,UZBEKISTAN AIR,2024-02-15T12:35:00,2024-02-15T12:35:00,D,TAS,TASHKENT,טשקנט,TASHKENT,אוזבקיסטן,UZBEKISTAN,3,12-16,A,ON TIME,בזמן
903,A3,927,AEGEAN  AIRLINES,2024-02-15T12:50:00,2024-02-15T12:50:00,D,ATH,ATHENS,אתונה,ATHENS,יוון,GREECE,3,34-37,B,ON TIME,בזמן
904,EK,4978,EMIRATES,2024-02-15T12:50:00,2024-02-15T12:50:00,D,ATH,ATHENS,אתונה,ATHENS,יוון,GREECE,3,34-37,B,ON TIME,בזמן
905,FB,1514,BULGARIA  AIR,2024-02-15T12:50:00,2024-02-15T12:50:00,D,ATH,ATHENS,אתונה,ATHENS,יוון,GREECE,3,34-37,B,ON TIME,בזמן
906,JU,7621,AIR SERBIA,2024-02-15T12:50:00,2024-02-15T12:50:00,D,ATH,ATHENS,אתונה,ATHENS,יוון,GREECE,3,34-37,B,ON TIME,בזמן
907,EK,2364,EMIRATES,2024-02-15T12:55:00,2024-02-15T12:55:00,D,DXB,DUBAI,דובאי,DUBAI,איחוד האמירויות הערב,UNITED ARAB EMIRATES,3,49-55,B,ON TIME,בזמן
908,FZ,1212,FLYDUBAI,2024-02-15T12:55:00,2024-02-15T12:55:00,D,DXB,DUBAI,דובאי,DUBAI,איחוד האמירויות הערב,UNITED ARAB EMIRATES,3,49-55,B,ON TIME,בזמן
909,AM,7871,AERO MEXICO,2024-02-15T13:00:00,2024-02-15T13:00:00,D,JFK,NEW YORK - J.F.KENNEDY,ניו יורק,NEW YORK,ארצות הברית,UNITED STATES,3,78-99,D,ON TIME,בזמן
910,AR,7855,AEROLINEAS ARGENTINAS S.A.,2024-02-15T13:00:00,2024-02-15T13:00:00,D,JFK,NEW YORK - J.F.KENNEDY,ניו יורק,NEW YORK,ארצות הברית,UNITED STATES,3,78-99,D,ON TIME,בזמן
912,B6,6455,JETBLUE AIRWAYS CORPORATION,2024-02-15T13:00:00,2024-02-15T13:00:00,D,JFK,NEW YORK - J.F.KENNEDY,ניו יורק,NEW YORK,ארצות הברית,UNITED STATES,3,78-99,D,ON TIME,בזמן
913,DL,7430,DELTA AIRLINES,2024-02-15T13:00:00,2024-02-15T13:00:00,D,JFK,NEW YORK - J.F.KENNEDY,ניו יורק,NEW YORK,ארצות הברית,UNITED STATES,3,78-99,D,ON TIME,בזמן
914,LY,007,EL AL ISRAEL AIRLINES,2024-02-15T13:00:00,2024-02-15T13:00:00,D,JFK,NEW YORK - J.F.KENNEDY,ניו יורק,NEW YORK,ארצות הברית,UNITED STATES,3,78-99,D,ON TIME,בזמן
924,LY,375,EL AL ISRAEL AIRLINES,2024-02-15T13:40:00,2024-02-15T13:40:00,D,LIS,LISBON,ליסבון,LISBON,פורטוגל,PORTUGAL,3,78-99,D,ON TIME,בזמן
925,TP,8920,AIR PORTUGAL,2024-02-15T13:40:00,2024-02-15T13:40:00,D,LIS,LISBON,ליסבון,LISBON,פורטוגל,PORTUGAL,3,78-99,D,ON TIME,בזמן
926,6H,047,ISRAIR AIRLINES,2024-02-15T13:45:00,2024-02-15T13:45:00,D,ETM,RAMON,אילת - רמון,RAMON,ישראל,ISRAEL,3,G1-G6,G,ON TIME,בזמן
933,A4,5026,AZIMUTH AIRLINES,2024-02-15T14:00:00,2024-02-15T14:00:00,D,AER,SOCHI,סוצ'י,SOCHI,רוסיה,RUSSIAN FEDERATION,3,41-43,B,ON TIME,בזמן
941,EK,2346,EMIRATES,2024-02-15T14:20:00,2024-02-15T14:20:00,D,DXB,DUBAI,דובאי,DUBAI,איחוד האמירויות הערב,UNITED ARAB EMIRATES,3,49-55,B,ON TIME,בזמן
942,FZ,1126,FLYDUBAI,2024-02-15T14:20:00,2024-02-15T14:20:00,D,DXB,DUBAI,דובאי,DUBAI,איחוד האמירויות הערב,UNITED ARAB EMIRATES,3,49-55,B,ON TIME,בזמן
948,IZ,281,ARKIA  ISRAELI  AIRLINES,2024-02-15T14:30:00,2024-02-15T14:30:00,D,PRG,PRAGUE-RUZYNE,פראג,PRAGUE,צ'כיה,CZECH REPUBLIC,3,29-33,A,ON TIME,בזמן
949,ET,419,ETHIOPIAN AIRLINES,2024-02-15T14:35:00,2024-02-15T14:35:00,D,ADD,ADDIS ABABA,אדיס אבבה,ADDIS ABABA,אתיופיה,ETHIOPIA,3,56-62,C,ON TIME,בזמן
950,LY,355,EL AL ISRAEL AIRLINES,2024-02-15T14:35:00,2024-02-15T14:35:00,D,FRA,FRANKFURT,פרנקפורט,FRANKFURT,גרמניה,GERMANY,3,78-99,D,ON TIME,בזמן
951,LY,8809,EL AL ISRAEL AIRLINES,2024-02-15T14:35:00,2024-02-15T14:35:00,D,ADD,ADDIS ABABA,אדיס אבבה,ADDIS ABABA,אתיופיה,ETHIOPIA,3,56-62,C,ON TIME,בזמן
952,SK,3179,SAS,2024-02-15T14:35:00,2024-02-15T14:35:00,D,FRA,FRANKFURT,פרנקפורט,FRANKFURT,גרמניה,GERMANY,3,78-99,D,ON TIME,בזמן
953,WZ,016,RED WINGS AIRLINES,2024-02-15T14:35:00,2024-02-15T14:35:00,D,AER,SOCHI,סוצ'י,SOCHI,רוסיה,RUSSIAN FEDERATION,3,63-65,C,ON TIME,בזמן
956,IZ,2825,ARKIA  ISRAELI  AIRLINES,2024-02-15T14:50:00,2024-02-15T14:50:00,D,ETM,RAMON,אילת - רמון,RAMON,ישראל,ISRAEL,3,G14-G18,G,ON TIME,בזמן
963,LY,5107,EL AL ISRAEL AIRLINES,2024-02-15T15:05:00,2024-02-15T15:05:00,D,TBS,TBILISI,טביליסי,TBILISI,גיאורגיה,GEORGIA,3,78-99,D,ON TIME,בזמן
965,6H,561,ISRAIR AIRLINES,2024-02-15T15:25:00,2024-02-15T15:25:00,D,ATH,ATHENS,אתונה,ATHENS,יוון,GREECE,3,44-47,B,ON TIME,בזמן
966,LY,343,EL AL ISRAEL AIRLINES,2024-02-15T15:30:00,2024-02-15T15:30:00,D,ZRH,ZURICH,ציריך,ZURICH,שוויץ,SWITZERLAND,3,78-99,D,ON TIME,בזמן
967,SK,3191,SAS,2024-02-15T15:30:00,2024-02-15T15:30:00,D,ZRH,ZURICH,ציריך,ZURICH,שוויץ,SWITZERLAND,3,78-99,D,ON TIME,בזמן
972,OS,858,AUSTRIAN AIRLINES,2024-02-15T15:40:00,2024-02-15T15:40:00,D,VIE,VIENNA,וינה,VIENNA,אוסטריה,AUSTRIA,3,12-21,A,ON TIME,בזמן
974,AF,963,AIR FRANCE,2024-02-15T15:55:00,2024-02-15T15:55:00,D,CDG,PARIS-CHARLES DE GAULLE,פריס,PARIS,צרפת,FRANCE,3,34-40,B,ON TIME,בזמן
976,LO,154,LOT POLISH AIRLINES,2024-02-15T16:00:00,2024-02-15T16:00:00,D,WAW,WARSAW,ורשה,WARSAW,פולין,POLAND,3,8-11,A,ON TIME,בזמן
979,LY,9253,EL AL ISRAEL AIRLINES,2024-02-15T16:00:00,2024-02-15T16:00:00,D,WAW,WARSAW,ורשה,WARSAW,פולין,POLAND,3,8-11,A,ON TIME,בזמן
985,AM,7851,AERO MEXICO,2024-02-15T16:10:00,2024-02-15T16:10:00,D,AMS,AMSTERDAM,אמסטרדם,AMSTERDAM,הולנד,NETHERLANDS,3,78-99,D,ON TIME,בזמן
986,IZ,295,ARKIA  ISRAELI  AIRLINES,2024-02-15T16:10:00,2024-02-15T16:10:00,D,OTP,BUCHAREST - OTOPENI,בוקרשט,BUCHAREST,רומניה,ROMANIA,3,26-29,A,ON TIME,בזמן
987,LY,339,EL AL ISRAEL AIRLINES,2024-02-15T16:10:00,2024-02-15T16:10:00,D,AMS,AMSTERDAM,אמסטרדם,AMSTERDAM,הולנד,NETHERLANDS,3,78-99,D,ON TIME,בזמן
988,SK,3151,SAS,2024-02-15T16:10:00,2024-02-15T16:10:00,D,AMS,AMSTERDAM,אמסטרדם,AMSTERDAM,הולנד,NETHERLANDS,3,78-99,D,ON TIME,בזמן
991,FR,2008,RYANAIR,2024-02-15T16:35:00,2024-02-15T16:35:00,D,BGY,BERGAMO,ברגמו,BERGAMO,איטליה,ITALY,3,52-55,B,ON TIME,בזמן
994,LY,2373,EL AL ISRAEL AIRLINES,2024-02-15T16:40:00,2024-02-15T16:40:00,D,BER,BERLIN BRANDENBURG INTL,ברלין,BERLIN,גרמניה,GERMANY,3,78-99,D,ON TIME,בזמן
997,AM,7853,AERO MEXICO,2024-02-15T16:50:00,2024-02-15T16:50:00,D,CDG,PARIS-CHARLES DE GAULLE,פריס,PARIS,צרפת,FRANCE,3,78-99,D,ON TIME,בזמן
998,LY,325,EL AL ISRAEL AIRLINES,2024-02-15T16:50:00,2024-02-15T16:50:00,D,CDG,PARIS-CHARLES DE GAULLE,פריס,PARIS,צרפת,FRANCE,3,78-99,D,ON TIME,בזמן
1004,LY,387,EL AL ISRAEL AIRLINES,2024-02-15T17:00:00,2024-02-15T17:00:00,D,MXP,MILAN-MALPENSA,מילאנו,MILAN,איטליה,ITALY,3,78-99,D,ON TIME,בזמן
1005,SK,3183,SAS,2024-02-15T17:00:00,2024-02-15T17:00:00,D,MXP,MILAN-MALPENSA,מילאנו,MILAN,איטליה,ITALY,3,78-99,D,ON TIME,בזמן
1006,LY,351,EL AL ISRAEL AIRLINES,2024-02-15T17:05:00,2024-02-15T17:05:00,D,MUC,MUNICH,מינכן,MUNICH,גרמניה,GERMANY,3,78-99,D,ON TIME,בזמן
1008,AM,7866,AERO MEXICO,2024-02-15T17:10:00,2024-02-15T17:10:00,D,MAD,MADRID,מדריד,MADRID,ספרד,SPAIN,3,78-99,D,ON TIME,בזמן
1010,AR,7873,AEROLINEAS ARGENTINAS S.A.,2024-02-15T17:10:00,2024-02-15T17:10:00,D,MAD,MADRID,מדריד,MADRID,ספרד,SPAIN,3,78-99,D,ON TIME,בזמן
1013,IB,2396,IBERIA,2024-02-15T17:10:00,2024-02-15T17:10:00,D,MAD,MADRID,מדריד,MADRID,ספרד,SPAIN,3,78-99,D,ON TIME,בזמן
1014,LH,681,LUFTHANSA,2024-02-15T17:10:00,2024-02-15T17:10:00,D,MUC,MUNICH,מינכן,MUNICH,גרמניה,GERMANY,3,12-21,A,ON TIME,בזמן
1016,LY,2367,EL AL ISRAEL AIRLINES,2024-02-15T17:10:00,2024-02-15T17:10:00,D,BUD,BUDAPEST,בודפשט,BUDAPEST,הונגריה,HUNGARY,3,78-99,D,ON TIME,בזמן
1018,LY,397,EL AL ISRAEL AIRLINES,2024-02-15T17:10:00,2024-02-15T17:10:00,D,MAD,MADRID,מדריד,MADRID,ספרד,SPAIN,3,78-99,D,ON TIME,בזמן
1019,SN,7172,BRUSSELS AIRLINES,2024-02-15T17:10:00,2024-02-15T17:10:00,D,MUC,MUNICH,מינכן,MUNICH,גרמניה,GERMANY,3,12-21,A,ON TIME,בזמן
1020,AM,7877,AERO MEXICO,2024-02-15T17:15:00,2024-02-15T17:15:00,D,LHR,LONDON - HEATHROW,לונדון,LONDON,בריטניה,UNITED KINGDOM,3,78-99,D,ON TIME,בזמן
1021,LY,317,EL AL ISRAEL AIRLINES,2024-02-15T17:15:00,2024-02-15T17:15:00,D,LHR,LONDON - HEATHROW,לונדון,LONDON,בריטניה,UNITED KINGDOM,3,78-99,D,ON TIME,בזמן
1023,6H,711,ISRAIR AIRLINES,2024-02-15T17:20:00,2024-02-15T17:20:00,D,VAR,VARNA,וארנה,VARNA,בולגריה,BULGARIA,3,41-44,B,ON TIME,בזמן
1024,LY,5109,EL AL ISRAEL AIRLINES,2024-02-15T17:30:00,2024-02-15T17:30:00,D,TBS,TBILISI,טביליסי,TBILISI,גיאורגיה,GEORGIA,3,78-99,D,ON TIME,בזמן
1025,IZ,821,ARKIA  ISRAELI  AIRLINES,2024-02-15T17:40:00,2024-02-15T17:40:00,D,ETM,RAMON,אילת - רמון,RAMON,ישראל,ISRAEL,3,G14-G18,G,ON TIME,בזמן
1027,LY,2523,EL AL ISRAEL AIRLINES,2024-02-15T17:45:00,2024-02-15T17:45:00,D,PRG,PRAGUE-RUZYNE,פראג,PRAGUE,צ'כיה,CZECH REPUBLIC,3,78-99,D,ON TIME,בזמן
1033,AR,7879,AEROLINEAS ARGENTINAS S.A.,2024-02-15T18:00:00,2024-02-15T18:00:00,D,FCO,ROME - FIUMICINO,רומא,ROME,איטליה,ITALY,3,78-99,D,ON TIME,בזמן
1034,IZ,161,ARKIA  ISRAELI  AIRLINES,2024-02-15T18:00:00,2024-02-15T18:00:00,D,LCA,LARNACA,לרנקה,LARNACA,קפריסין,CYPRUS,3,30-33,A,ON TIME,בזמן
1035,LY,383,EL AL ISRAEL AIRLINES,2024-02-15T18:00:00,2024-02-15T18:00:00,D,FCO,ROME - FIUMICINO,רומא,ROME,איטליה,ITALY,3,78-99,D,ON TIME,בזמן
1036,TP,8900,AIR PORTUGAL,2024-02-15T18:00:00,2024-02-15T18:00:00,D,FCO,ROME - FIUMICINO,רומא,ROME,איטליה,ITALY,3,78-99,D,ON TIME,בזמן
1037,6H,721,ISRAIR AIRLINES,2024-02-15T18:00:00,2024-02-15T18:00:00,D,SOF,SOFIA,סופיה,SOFIA,בולגריה,BULGARIA,3,44-47,B,ON TIME,בזמן
1038,LY,571,EL AL ISRAEL AIRLINES,2024-02-15T18:05:00,2024-02-15T18:05:00,D,OTP,BUCHAREST - OTOPENI,בוקרשט,BUCHAREST,רומניה,ROMANIA,3,78-99,D,ON TIME,בזמן
1040,IB,2390,IBERIA,2024-02-15T18:10:00,2024-02-15T18:10:00,D,BCN,BARCELONA,ברצלונה,BARCELONA,ספרד,SPAIN,3,78-99,D,ON TIME,בזמן
1041,LY,391,EL AL ISRAEL AIRLINES,2024-02-15T18:10:00,2024-02-15T18:10:00,D,BCN,BARCELONA,ברצלונה,BARCELONA,ספרד,SPAIN,3,78-99,D,ON TIME,בזמן
1044,LY,543,EL AL ISRAEL AIRLINES,2024-02-15T19:15:00,2024-02-15T19:15:00,D,ATH,ATHENS,אתונה,ATHENS,יוון,GREECE,3,78-99,D,ON TIME,בזמן
1045,A4,5024,AZIMUTH AIRLINES,2024-02-15T19:50:00,2024-02-15T19:50:00,D,AER,SOCHI,סוצ'י,SOCHI,רוסיה,RUSSIAN FEDERATION,3,53-55,B,ON TIME,בזמן
1046,LY,5133,EL AL ISRAEL AIRLINES,2024-02-15T20:00:00,2024-02-15T20:00:00,D,LCA,LARNACA,לרנקה,LARNACA,קפריסין,CYPRUS,3,78-99,D,ON TIME,בזמן
1047,6H,891,ISRAIR AIRLINES,2024-02-15T20:00:00,2024-02-15T20:00:00,D,TBS,TBILISI,טביליסי,TBILISI,גיאורגיה,GEORGIA,3,34-37,B,ON TIME,בזמן
1049,LY,081,EL AL ISRAEL AIRLINES,2024-02-15T20:05:00,2024-02-15T20:05:00,D,BKK,BANGKOK INTL.-SUVARNABHUMI,בנגקוק,BANGKOK,תאילנד,THAILAND,3,78-99,D,ON TIME,בזמן
1050,QF,5020,QANTAS AIRWAYS,2024-02-15T20:05:00,2024-02-15T20:05:00,D,BKK,BANGKOK INTL.-SUVARNABHUMI,בנגקוק,BANGKOK,תאילנד,THAILAND,3,78-99,D,ON TIME,בזמן
1051,TG,4584,THAI AIRWAYS,2024-02-15T20:05:00,2024-02-15T20:05:00,D,BKK,BANGKOK INTL.-SUVARNABHUMI,בנגקוק,BANGKOK,תאילנד,THAILAND,3,78-99,D,ON TIME,בזמן
1052,VN,3298,VIETNAM AIRLINES,2024-02-15T20:05:00,2024-02-15T20:05:00,D,BKK,BANGKOK INTL.-SUVARNABHUMI,בנגקוק,BANGKOK,תאילנד,THAILAND,3,78-99,D,ON TIME,בזמן
1056,LY,087,EL AL ISRAEL AIRLINES,2024-02-15T20:45:00,2024-02-15T20:45:00,D,HKT,PHUKET,פוקט,PHUKET,תאילנד,THAILAND,3,78-99,D,ON TIME,בזמן
1064,6H,581,ISRAIR AIRLINES,2024-02-15T21:40:00,2024-02-15T21:40:00,D,LCA,LARNACA,לרנקה,LARNACA,קפריסין,CYPRUS,3,37-40,B,ON TIME,בזמן
1072,WZ,4312,RED WINGS AIRLINES,2024-02-15T22:55:00,2024-02-15T22:55:00,D,AER,SOCHI,סוצ'י,SOCHI,רוסיה,RUSSIAN FEDERATION,3,53-55,B,ON TIME,בזמן
1079,H7,458,HISKY,2024-02-15T23:30:00,2024-02-15T23:30:00,D,RMO,CHISINAU,קישינב,CHISINAU,מולדוביה,MOLDOVA,3,66-68,C,ON TIME,בזמן
1082,RO,156,TAROM - RUMANIAN AIR TRANSPORT,2024-02-16T00:20:00,2024-02-16T00:20:00,D,OTP,BUCHAREST - OTOPENI,בוקרשט,BUCHAREST,רומניה,ROMANIA,3,63-65,C,ON TIME,בזמן
1086,AM,7869,AERO MEXICO,2024-02-16T00:45:00,2024-02-16T00:45:00,D,JFK,NEW YORK - J.F.KENNEDY,ניו יורק,NEW YORK,ארצות הברית,UNITED STATES,3,78-99,D,ON TIME,בזמן
1087,AR,7853,AEROLINEAS ARGENTINAS S.A.,2024-02-16T00:45:00,2024-02-16T00:45:00,D,JFK,NEW YORK - J.F.KENNEDY,ניו יורק,NEW YORK,ארצות הברית,UNITED STATES,3,78-99,D,ON TIME,בזמן
1088,B6,6451,JETBLUE AIRWAYS CORPORATION,2024-02-16T00:45:00,2024-02-16T00:45:00,D,JFK,NEW YORK - J.F.KENNEDY,ניו יורק,NEW YORK,ארצות הברית,UNITED STATES,3,78-99,D,ON TIME,בזמן
1089,DL,7424,DELTA AIRLINES,2024-02-16T00:45:00,2024-02-16T00:45:00,D,JFK,NEW YORK - J.F.KENNEDY,ניו יורק,NEW YORK,ארצות הברית,UNITED STATES,3,78-99,D,ON TIME,בזמן
1090,LY,001,EL AL ISRAEL AIRLINES,2024-02-16T00:45:00,2024-02-16T00:45:00,D,JFK,NEW YORK - J.F.KENNEDY,ניו יורק,NEW YORK,ארצות הברית,UNITED STATES,3,78-99,D,ON TIME,בזמן
1093,AR,7851,AEROLINEAS ARGENTINAS S.A.,2024-02-16T01:00:00,2024-02-16T01:00:00,D,MIA,MIAMI INTERNATIONAL,מיאמי,MIAMI,ארצות הברית,UNITED STATES,3,78-99,D,ON TIME,בזמן
1094,B6,6467,JETBLUE AIRWAYS CORPORATION,2024-02-16T01:00:00,2024-02-16T01:00:00,D,MIA,MIAMI INTERNATIONAL,מיאמי,MIAMI,ארצות הברית,UNITED STATES,3,78-99,D,ON TIME,בזמן
1095,DL,7437,DELTA AIRLINES,2024-02-16T01:00:00,2024-02-16T01:00:00,D,MIA,MIAMI INTERNATIONAL,מיאמי,MIAMI,ארצות הברית,UNITED STATES,3,78-99,D,ON TIME,בזמן
1096,LY,017,EL AL ISRAEL AIRLINES,2024-02-16T01:00:00,2024-02-16T01:00:00,D,MIA,MIAMI INTERNATIONAL,מיאמי,MIAMI,ארצות הברית,UNITED STATES,3,78-99,D,ON TIME,בזמן
1101,LY,003,EL AL ISRAEL AIRLINES,2024-02-16T01:45:00,2024-02-16T01:45:00,D,JFK,NEW YORK - J.F.KENNEDY,ניו יורק,NEW YORK,ארצות הברית,UNITED STATES,3,78-99,D,ON TIME,בזמן
1102,ET,405,ETHIOPIAN AIRLINES,2024-02-16T02:05:00,2024-02-16T02:05:00,D,ADD,ADDIS ABABA,אדיס אבבה,ADDIS ABABA,אתיופיה,ETHIOPIA,3,56-62,C,ON TIME,בזמן
1103,LY,8807,EL AL ISRAEL AIRLINES,2024-02-16T02:05:00,2024-02-16T02:05:00,D,ADD,ADDIS ABABA,אדיס אבבה,ADDIS ABABA,אתיופיה,ETHIOPIA,3,56-62,C,ON TIME,בזמן
1117,LY,2369,EL AL ISRAEL AIRLINES,2024-02-16T02:30:00,2024-02-16T02:30:00,D,BUD,BUDAPEST,בודפשט,BUDAPEST,הונגריה,HUNGARY,3,78-99,D,ON TIME,בזמן
