Airline,FlightNum,PlanTime,ActualTime,Direction,Airport,City,Country,Terminal,Status,TimeDiff
LY,842,2022-03-07 16:00:00,2022-03-07 17:04:00,A,LGG,LIEGE,BELGIUM,3,LANDED,64.0
AA,146,2022-03-07 17:15:00,2022-03-07 17:05:00,A,JFK,NEW YORK,UNITED STATES,3,LANDED,-10.0
USF,RCH18,2022-03-07 17:15:00,2022-03-07 17:05:00,D,RMS,RAMSTEIN,GERMANY,3,CANCELED,-10.0
AHS,N120L,2022-03-07 16:30:00,2022-03-07 17:08:00,D,TEB,TETERBORO,UNITED STATES,3,DEPARTED,38.0
LH,687,2022-03-07 16:25:00,2022-03-07 17:09:00,D,FRA,FRANKFURT,GERMANY,3,DEPARTED,44.0
AA,8379,2022-03-07 17:00:00,2022-03-07 17:10:00,A,AMS,AMSTERDAM,NETHERLANDS,3,LANDED,10.0
LY,338,2022-03-07 17:00:00,2022-03-07 17:10:00,A,AMS,AMSTERDAM,NETHERLANDS,3,LANDED,10.0
LAU,9HSIS,2022-03-07 17:00:00,2022-03-07 17:15:00,D,WAW,WARSAW,POLAND,3,DEPARTED,15.0
460,4XCMC,2022-03-07 17:00:00,2022-03-07 17:18:00,D,BCM,BACAU,ROMANIA,3,DEPARTED,18.0
6H,665,2022-03-07 17:20:00,2022-03-07 17:20:00,D,DXB,DUBAI,UNITED ARAB EMIRATES,3,CANCELED,0.0
AC,2359,2022-03-07 17:30:00,2022-03-07 17:21:00,A,SNN,SHANNON,IRELAND,3,LANDED,-9.0
FR,6472,2022-03-07 17:35:00,2022-03-07 17:32:00,A,BER,BERLIN,GERMANY,3,LANDED,-3.0
LY,2373,2022-03-07 17:20:00,2022-03-07 17:35:00,D,BER,BERLIN,GERMANY,3,DEPARTED,15.0
LY,691,2022-03-07 16:05:00,2022-03-07 17:35:00,D,TBS,TBILISI,GEORGIA,3,DEPARTED,90.0
OS,861,2022-03-07 17:45:00,2022-03-07 17:36:00,A,VIE,VIENNA,AUSTRIA,3,LANDED,-9.0
FR,4103,2022-03-07 18:00:00,2022-03-07 17:38:00,A,PFO,PAPHOS,CYPRUS,3,LANDED,-22.0
AM,7862,2022-03-07 17:35:00,2022-03-07 17:45:00,D,MAD,MADRID,SPAIN,3,DEPARTED,10.0
AR,7873,2022-03-07 17:35:00,2022-03-07 17:45:00,D,MAD,MADRID,SPAIN,3,DEPARTED,10.0
IB,2396,2022-03-07 17:35:00,2022-03-07 17:45:00,D,MAD,MADRID,SPAIN,3,DEPARTED,10.0
LY,397,2022-03-07 17:35:00,2022-03-07 17:45:00,D,MAD,MADRID,SPAIN,3,DEPARTED,10.0
FR,2006,2022-03-07 17:30:00,2022-03-07 17:49:00,D,BGY,BERGAMO,ITALY,3,DEPARTED,19.0
LH,681,2022-03-07 17:05:00,2022-03-07 17:50:00,D,MUC,MUNICH,GERMANY,3,DEPARTED,45.0
EJU,3737,2022-03-07 18:15:00,2022-03-07 17:53:00,A,CDG,PARIS,FRANCE,3,LANDED,-22.0
IZ,312,2022-03-07 18:05:00,2022-03-07 18:05:00,A,DME,MOSCOW,RUSSIAN FEDERATION,3,CANCELED,0.0
QAS,9HVCK,2022-03-07 17:00:00,2022-03-07 18:06:00,A,TIA,TIRANA,ALBANIA,3,LANDED,66.0
6H,046,2022-03-07 18:05:00,2022-03-07 18:08:00,A,ETM,RAMON,ISRAEL,1,LANDED,3.0
QAS,DCFIV,2022-03-07 13:10:00,2022-03-07 18:09:00,D,KID,KRISTIANSTAD,SWEDEN,3,DEPARTED,299.0
LY,571,2022-03-07 17:50:00,2022-03-07 18:12:00,D,OTP,BUCHAREST,ROMANIA,3,DEPARTED,22.0
TO,3939,2022-03-07 18:00:00,2022-03-07 18:12:00,D,ORY,PARIS,FRANCE,1,DEPARTED,12.0
VY,7844,2022-03-07 18:15:00,2022-03-07 18:13:00,A,BCN,BARCELONA,SPAIN,3,LANDED,-2.0
LX,252,2022-03-07 17:25:00,2022-03-07 18:16:00,A,ZRH,ZURICH,SWITZERLAND,3,LANDED,51.0
IZ,814,2022-03-07 18:05:00,2022-03-07 18:18:00,A,ETM,RAMON,ISRAEL,1,LANDED,13.0
TK,6246,2022-03-07 21:00:00,2022-03-07 18:26:00,A,IST,ISTANBUL,TURKEY,3,LANDED,-154.0
EZY,2085,2022-03-07 18:40:00,2022-03-07 18:29:00,A,LTN,LONDON LUTON,UNITED KINGDOM,3,LANDED,-11.0
LY,5060,2022-03-07 18:45:00,2022-03-07 18:45:00,A,DXB,DUBAI,UNITED ARAB EMIRATES,3,CANCELED,0.0
IZ,1604,2022-03-07 17:45:00,2022-03-07 18:49:00,A,DXB,DUBAI,UNITED ARAB EMIRATES,3,LANDED,64.0
FR,6473,2022-03-07 18:35:00,2022-03-07 18:50:00,D,BER,BERLIN,GERMANY,3,DEPARTED,15.0
LY,2431,2022-03-07 18:45:00,2022-03-07 18:57:00,D,LCA,LARNACA,CYPRUS,3,DEPARTED,12.0
3V,4849,2022-03-07 18:50:00,2022-03-07 19:01:00,D,CDG,PARIS,FRANCE,3,DEPARTED,11.0
FR,4104,2022-03-07 18:55:00,2022-03-07 19:02:00,D,PFO,PAPHOS,CYPRUS,3,DEPARTED,7.0
IZ,821,2022-03-07 17:05:00,2022-03-07 19:04:00,D,ETM,RAMON,ISRAEL,1,DEPARTED,119.0
5X,267,2022-03-07 19:55:00,2022-03-07 19:09:00,A,LCA,LARNACA,CYPRUS,3,LANDED,-46.0
LH,694,2022-03-07 19:10:00,2022-03-07 19:13:00,A,FRA,FRANKFURT,GERMANY,3,LANDED,3.0
AHS,VPCSB,2022-03-07 18:30:00,2022-03-07 19:15:00,A,ATH,ATHENS,GREECE,3,LANDED,45.0
LY,821,2022-03-07 18:30:00,2022-03-07 19:17:00,D,LGG,LIEGE,BELGIUM,3,DEPARTED,47.0
AA,8390,2022-03-07 19:40:00,2022-03-07 19:22:00,A,BCN,BARCELONA,SPAIN,3,LANDED,-18.0
IB,2393,2022-03-07 19:40:00,2022-03-07 19:22:00,A,BCN,BARCELONA,SPAIN,3,LANDED,-18.0
LY,394,2022-03-07 19:40:00,2022-03-07 19:22:00,A,BCN,BARCELONA,SPAIN,3,LANDED,-18.0
JU,8254,2022-03-07 19:25:00,2022-03-07 19:24:00,A,IST,ISTANBUL,TURKEY,3,LANDED,-1.0
TK,788,2022-03-07 19:25:00,2022-03-07 19:24:00,A,IST,ISTANBUL,TURKEY,3,LANDED,-1.0
A9,699,2022-03-07 19:20:00,2022-03-07 19:26:00,A,TBS,TBILISI,GEORGIA,3,LANDED,6.0
FR,5525,2022-03-07 19:55:00,2022-03-07 19:29:00,A,SKG,THESSALONIKI,GREECE,3,LANDED,-26.0
IZ,827,2022-03-07 19:00:00,2022-03-07 19:31:00,D,ETM,RAMON,ISRAEL,1,DEPARTED,31.0
EZY,1827,2022-03-07 19:40:00,2022-03-07 19:33:00,A,MAN,MANCHESTER,UNITED KINGDOM,3,LANDED,-7.0
UA,954,2022-03-07 19:35:00,2022-03-07 19:35:00,A,SFO,SAN FRANCISCO,UNITED STATES,3,LANDED,0.0
EJU,3738,2022-03-07 19:15:00,2022-03-07 19:36:00,D,CDG,PARIS,FRANCE,3,DEPARTED,21.0
AA,8376,2022-03-07 20:00:00,2022-03-07 19:41:00,A,CDG,PARIS,FRANCE,3,LANDED,-19.0
LY,324,2022-03-07 20:00:00,2022-03-07 19:41:00,A,CDG,PARIS,FRANCE,3,LANDED,-19.0
6H,457,2022-03-07 19:10:00,2022-03-07 19:42:00,D,ETM,RAMON,ISRAEL,1,DEPARTED,32.0
LX,253,2022-03-07 18:25:00,2022-03-07 19:46:00,D,ZRH,ZURICH,SWITZERLAND,3,DEPARTED,81.0
SU,509,2022-03-07 19:20:00,2022-03-07 19:49:00,D,SVO,MOSCOW,RUSSIAN FEDERATION,1,DEPARTED,29.0
VY,7845,2022-03-07 19:15:00,2022-03-07 19:51:00,D,BCN,BARCELONA,SPAIN,1,DEPARTED,36.0
FR,6768,2022-03-07 20:25:00,2022-03-07 19:55:00,A,BUD,BUDAPEST,HUNGARY,3,LANDED,-30.0
TK,6247,2022-03-07 22:30:00,2022-03-07 19:57:00,D,IST,ISTANBUL,TURKEY,3,DEPARTED,-153.0
QAS,MSAGI,2022-03-07 20:00:00,2022-03-07 20:00:00,D,LCA,LARNACA,CYPRUS,3,CANCELED,0.0
EZY,2086,2022-03-07 19:35:00,2022-03-07 20:03:00,D,LTN,LONDON LUTON,UNITED KINGDOM,3,DEPARTED,28.0
LY,051,2022-03-07 20:10:00,2022-03-07 20:23:00,D,JNB,JOHANNESBURG,SOUTH AFRICA,3,DEPARTED,13.0
QF,5024,2022-03-07 20:10:00,2022-03-07 20:23:00,D,JNB,JOHANNESBURG,SOUTH AFRICA,3,DEPARTED,13.0
QAS,FHGLG,2022-03-07 20:45:00,2022-03-07 20:27:00,A,CFE,CLERMOND FERR'D,FRANCE,3,LANDED,-18.0
QAS,T7SBR,2022-03-07 13:45:00,2022-03-07 20:38:00,A,VRN,VERONA,ITALY,3,LANDED,413.0
LY,612,2022-03-07 21:00:00,2022-03-07 20:39:00,A,DME,MOSCOW,RUSSIAN FEDERATION,3,LANDED,-21.0
S7,4483,2022-03-07 21:00:00,2022-03-07 20:39:00,A,DME,MOSCOW,RUSSIAN FEDERATION,3,LANDED,-21.0
QY,961,2022-03-07 20:20:00,2022-03-07 20:40:00,D,LEJ,LEIPZIG,GERMANY,3,DEPARTED,20.0
LY,974,2022-03-07 20:45:00,2022-03-07 20:43:00,A,DXB,DUBAI,UNITED ARAB EMIRATES,3,LANDED,-2.0
AA,8372,2022-03-07 21:05:00,2022-03-07 20:44:00,A,LHR,LONDON,UNITED KINGDOM,3,LANDED,-21.0
LY,316,2022-03-07 21:05:00,2022-03-07 20:44:00,A,LHR,LONDON,UNITED KINGDOM,3,LANDED,-21.0
311,T7CPX,2022-03-07 20:30:00,2022-03-07 20:47:00,A,CMF,CHAMBERY,FRANCE,3,LANDED,17.0
A9,700,2022-03-07 20:20:00,2022-03-07 20:48:00,D,TBS,TBILISI,GEORGIA,1,DEPARTED,28.0
LY,543,2022-03-07 20:45:00,2022-03-07 20:53:00,D,ATH,ATHENS,GREECE,3,DEPARTED,8.0
PC,785,2022-03-07 21:25:00,2022-03-07 21:03:00,A,SAW,ISTANBUL,TURKEY,3,LANDED,-22.0
EZY,1828,2022-03-07 20:35:00,2022-03-07 21:04:00,D,MAN,MANCHESTER,UNITED KINGDOM,3,DEPARTED,29.0
IZ,822,2022-03-07 19:15:00,2022-03-07 21:07:00,A,ETM,RAMON,ISRAEL,1,LANDED,112.0
FR,5526,2022-03-07 20:45:00,2022-03-07 21:08:00,D,SKG,THESSALONIKI,GREECE,3,DEPARTED,23.0
U8,102,2022-03-07 21:30:00,2022-03-07 21:11:00,A,LCA,LARNACA,CYPRUS,3,LANDED,-19.0
6H,722,2022-03-07 21:25:00,2022-03-07 21:20:00,A,SOF,SOFIA,BULGARIA,3,LANDED,-5.0
IZ,828,2022-03-07 21:15:00,2022-03-07 21:22:00,A,ETM,RAMON,ISRAEL,1,LANDED,7.0
TK,789,2022-03-07 21:00:00,2022-03-07 21:25:00,D,IST,ISTANBUL,TURKEY,3,DEPARTED,25.0
5X,267,2022-03-07 21:10:00,2022-03-07 21:28:00,D,CGN,COLOGNE,GERMANY,3,DEPARTED,18.0
LY,2432,2022-03-07 21:45:00,2022-03-07 21:34:00,A,LCA,LARNACA,CYPRUS,3,LANDED,-11.0
FR,6769,2022-03-07 21:15:00,2022-03-07 21:44:00,D,BUD,BUDAPEST,HUNGARY,3,DEPARTED,29.0
JU,8255,2022-03-07 21:45:00,2022-03-07 21:47:00,A,IST,ISTANBUL,TURKEY,3,LANDED,2.0
TK,790,2022-03-07 21:45:00,2022-03-07 21:47:00,A,IST,ISTANBUL,TURKEY,3,LANDED,2.0
6H,458,2022-03-07 22:00:00,2022-03-07 21:53:00,A,ETM,RAMON,ISRAEL,1,LANDED,-7.0
AHS,OELML,2022-03-07 22:00:00,2022-03-07 22:00:00,A,LBG,PARIS,FRANCE,3,CANCELED,0.0
QAS,DAGBF,2022-03-07 23:10:00,2022-03-07 22:03:00,A,MUC,MUNICH,GERMANY,3,LANDED,-67.0
AA,8850,2022-03-07 22:45:00,2022-03-07 22:08:00,A,MAD,MADRID,SPAIN,3,LANDED,-37.0
IB,3316,2022-03-07 22:45:00,2022-03-07 22:08:00,A,MAD,MADRID,SPAIN,3,LANDED,-37.0
LY,8396,2022-03-07 22:45:00,2022-03-07 22:08:00,A,MAD,MADRID,SPAIN,3,LANDED,-37.0
VY,5269,2022-03-07 22:45:00,2022-03-07 22:08:00,A,MAD,MADRID,SPAIN,3,LANDED,-37.0
TK,7710,2022-03-07 22:10:00,2022-03-07 22:10:00,A,SAW,ISTANBUL,TURKEY,3,LANDED,0.0
QAS,MSAGI,2022-03-07 22:15:00,2022-03-07 22:15:00,A,LCA,LARNACA,CYPRUS,3,CANCELED,0.0
LY,081,2022-03-07 22:00:00,2022-03-07 22:16:00,D,BKK,BANGKOK,THAILAND,3,DEPARTED,16.0
QF,5020,2022-03-07 22:00:00,2022-03-07 22:16:00,D,BKK,BANGKOK,THAILAND,3,DEPARTED,16.0
TG,4584,2022-03-07 22:00:00,2022-03-07 22:16:00,D,BKK,BANGKOK,THAILAND,3,DEPARTED,16.0
VN,3298,2022-03-07 22:00:00,2022-03-07 22:16:00,D,BKK,BANGKOK,THAILAND,3,DEPARTED,16.0
HM,022,2022-03-07 21:50:00,2022-03-07 22:23:00,A,SEZ,MAHE SEYCHELLES,SEYCHELLES,3,LANDED,33.0
IZ,297,2022-03-07 20:30:00,2022-03-07 22:42:00,D,IAS,IASI,ROMANIA,1,DEPARTED,132.0
VJT,9HVCD,2022-03-07 23:00:00,2022-03-07 22:45:00,A,LIN,MILAN,ITALY,3,LANDED,-15.0
RO,153,2022-03-07 22:30:00,2022-03-07 22:54:00,A,OTP,BUCHAREST,ROMANIA,3,LANDED,24.0
LAU,9HAMY,2022-03-07 23:45:00,2022-03-07 23:00:00,A,LTN,LONDON LUTON,UNITED KINGDOM,3,LANDED,-45.0
EK,2367,2022-03-07 22:45:00,2022-03-07 23:17:00,A,DXB,DUBAI,UNITED ARAB EMIRATES,3,LANDED,32.0
FZ,1627,2022-03-07 22:45:00,2022-03-07 23:17:00,A,DXB,DUBAI,UNITED ARAB EMIRATES,3,LANDED,32.0
5W,7085,2022-03-07 23:20:00,2022-03-07 23:26:00,A,AUH,ABU DHABI,UNITED ARAB EMIRATES,3,LANDED,6.0
AA,053,2022-03-07 23:15:00,2022-03-07 23:28:00,D,MIA,MIAMI,UNITED STATES,3,DEPARTED,13.0
UA,091,2022-03-07 23:10:00,2022-03-07 23:30:00,D,EWR,NEWARK,UNITED STATES,3,DEPARTED,20.0
AY,1979,2022-03-07 23:55:00,2022-03-07 23:32:00,A,HEL,HELSINKI,FINLAND,3,LANDED,-23.0
LY,618,2022-03-07 23:00:00,2022-03-07 23:40:00,A,DME,MOSCOW,RUSSIAN FEDERATION,3,LANDED,40.0
LY,692,2022-03-07 22:20:00,2022-03-07 23:47:00,A,TBS,TBILISI,GEORGIA,3,LANDED,87.0
EK,2345,2022-03-07 23:45:00,2022-03-07 23:51:00,A,DXB,DUBAI,UNITED ARAB EMIRATES,3,LANDED,6.0
FZ,1807,2022-03-07 23:45:00,2022-03-07 23:51:00,A,DXB,DUBAI,UNITED ARAB EMIRATES,3,LANDED,6.0
PC,779,2022-03-08 00:10:00,2022-03-08 00:00:00,A,SAW,ISTANBUL,TURKEY,3,LANDED,-10.0
6H,662,2022-03-08 00:05:00,2022-03-08 00:05:00,A,DXB,DUBAI,UNITED ARAB EMIRATES,3,CANCELED,0.0
460,4XCMC,2022-03-07 23:45:00,2022-03-08 00:07:00,A,BCM,BACAU,ROMANIA,3,LANDED,22.0
LY,364,2022-03-08 00:35:00,2022-03-08 00:09:00,A,VIE,VIENNA,AUSTRIA,3,LANDED,-26.0
DL,235,2022-03-07 23:55:00,2022-03-08 00:10:00,D,JFK,NEW YORK,UNITED STATES,3,DEPARTED,15.0
JU,8256,2022-03-08 00:05:00,2022-03-08 00:23:00,D,IST,ISTANBUL,TURKEY,3,DEPARTED,18.0
TK,791,2022-03-08 00:05:00,2022-03-08 00:23:00,D,IST,ISTANBUL,TURKEY,3,DEPARTED,18.0
QAS,N451C,2022-03-08 00:15:00,2022-03-08 00:28:00,D,FAR,FARO,UNITED STATES,3,DEPARTED,13.0
RO,154,2022-03-07 23:30:00,2022-03-08 00:31:00,D,OTP,BUCHAREST,ROMANIA,1,DEPARTED,61.0
LY,572,2022-03-08 00:20:00,2022-03-08 00:33:00,A,OTP,BUCHAREST,ROMANIA,3,LANDED,13.0
A3,928,2022-03-08 00:55:00,2022-03-08 00:36:00,A,ATH,ATHENS,GREECE,3,LANDED,-19.0
341,4XCUZ,2022-03-08 03:00:00,2022-03-08 00:44:00,A,RIX,RIGA,LATVIA,3,LANDED,-136.0
LAU,N1916,2022-03-07 17:00:00,2022-03-08 00:45:00,D,IAS,IASI,ROMANIA,3,DEPARTED,465.0
LY,5458,2022-03-07 23:55:00,2022-03-08 00:48:00,A,IAS,IASI,ROMANIA,3,LANDED,53.0
EK,2368,2022-03-07 23:45:00,2022-03-08 00:49:00,D,DXB,DUBAI,UNITED ARAB EMIRATES,1,DEPARTED,64.0
FZ,1628,2022-03-07 23:45:00,2022-03-08 00:49:00,D,DXB,DUBAI,UNITED ARAB EMIRATES,1,DEPARTED,64.0
IZ,626,2022-03-08 00:15:00,2022-03-08 00:53:00,A,BBK,KASANE INTERNAT,BOTSWANA,3,LANDED,38.0
5W,7086,2022-03-08 00:10:00,2022-03-08 00:54:00,D,AUH,ABU DHABI,UNITED ARAB EMIRATES,1,DEPARTED,44.0
AA,145,2022-03-08 00:45:00,2022-03-08 00:58:00,D,JFK,NEW YORK,UNITED STATES,3,DEPARTED,13.0
AY,1980,2022-03-08 00:50:00,2022-03-08 01:00:00,D,HEL,HELSINKI,FINLAND,1,DEPARTED,10.0
ET,405,2022-03-08 00:45:00,2022-03-08 01:02:00,D,ADD,ADDIS ABABA,ETHIOPIA,3,DEPARTED,17.0
LY,8807,2022-03-08 00:45:00,2022-03-08 01:02:00,D,ADD,ADDIS ABABA,ETHIOPIA,3,DEPARTED,17.0
AM,7869,2022-03-08 00:45:00,2022-03-08 01:05:00,D,JFK,NEW YORK,UNITED STATES,3,DEPARTED,20.0
AR,7853,2022-03-08 00:45:00,2022-03-08 01:05:00,D,JFK,NEW YORK,UNITED STATES,3,DEPARTED,20.0
LY,001,2022-03-08 00:45:00,2022-03-08 01:05:00,D,JFK,NEW YORK,UNITED STATES,3,DEPARTED,20.0
UA,955,2022-03-08 00:55:00,2022-03-08 01:11:00,D,SFO,SAN FRANCISCO,UNITED STATES,3,DEPARTED,16.0
LY,027,2022-03-08 01:00:00,2022-03-08 01:13:00,D,EWR,NEWARK,UNITED STATES,3,DEPARTED,13.0
AR,7851,2022-03-08 01:00:00,2022-03-08 01:15:00,D,MIA,MIAMI,UNITED STATES,3,DEPARTED,15.0
LY,017,2022-03-08 01:00:00,2022-03-08 01:15:00,D,MIA,MIAMI,UNITED STATES,3,DEPARTED,15.0
LY,616,2022-03-08 00:55:00,2022-03-08 01:19:00,A,DME,MOSCOW,RUSSIAN FEDERATION,3,LANDED,24.0
AM,7875,2022-03-08 01:05:00,2022-03-08 01:22:00,D,LAX,LOS ANGELES,UNITED STATES,3,DEPARTED,17.0
LY,005,2022-03-08 01:05:00,2022-03-08 01:22:00,D,LAX,LOS ANGELES,UNITED STATES,3,DEPARTED,17.0
EK,2346,2022-03-08 00:45:00,2022-03-08 01:26:00,D,DXB,DUBAI,UNITED ARAB EMIRATES,1,DEPARTED,41.0
FZ,1808,2022-03-08 00:45:00,2022-03-08 01:26:00,D,DXB,DUBAI,UNITED ARAB EMIRATES,1,DEPARTED,41.0
LY,544,2022-03-08 01:55:00,2022-03-08 01:29:00,A,ATH,ATHENS,GREECE,3,LANDED,-26.0
FB,571,2022-03-08 02:00:00,2022-03-08 01:32:00,A,SOF,SOFIA,BULGARIA,3,LANDED,-28.0
6H,666,2022-03-08 02:05:00,2022-03-08 02:05:00,A,DXB,DUBAI,UNITED ARAB EMIRATES,3,CANCELED,0.0
AF,8425,2022-03-08 02:20:00,2022-03-08 02:11:00,A,AMS,AMSTERDAM,NETHERLANDS,3,LANDED,-9.0
DL,9575,2022-03-08 02:20:00,2022-03-08 02:11:00,A,AMS,AMSTERDAM,NETHERLANDS,3,LANDED,-9.0
KL,461,2022-03-08 02:20:00,2022-03-08 02:11:00,A,AMS,AMSTERDAM,NETHERLANDS,3,LANDED,-9.0
KQ,1461,2022-03-08 02:20:00,2022-03-08 02:11:00,A,AMS,AMSTERDAM,NETHERLANDS,3,LANDED,-9.0
LH,682,2022-03-08 02:50:00,2022-03-08 02:33:00,A,MUC,MUNICH,GERMANY,3,LANDED,-17.0
TK,810,2022-03-08 02:35:00,2022-03-08 02:36:00,A,IST,ISTANBUL,TURKEY,3,LANDED,1.0
AA,8373,2022-03-08 03:05:00,2022-03-08 02:37:00,A,LHR,LONDON,UNITED KINGDOM,3,LANDED,-28.0
AM,7876,2022-03-08 03:05:00,2022-03-08 02:37:00,A,LHR,LONDON,UNITED KINGDOM,3,LANDED,-28.0
LY,318,2022-03-08 03:05:00,2022-03-08 02:37:00,A,LHR,LONDON,UNITED KINGDOM,3,LANDED,-28.0
ET,404,2022-03-08 03:00:00,2022-03-08 02:49:00,A,ADD,ADDIS ABABA,ETHIOPIA,3,LANDED,-11.0
LY,8804,2022-03-08 03:00:00,2022-03-08 02:49:00,A,ADD,ADDIS ABABA,ETHIOPIA,3,LANDED,-11.0
LY,2374,2022-03-08 03:10:00,2022-03-08 02:53:00,A,BER,BERLIN,GERMANY,3,LANDED,-17.0
AZ,810,2022-03-08 03:30:00,2022-03-08 03:08:00,A,FCO,ROME,ITALY,3,LANDED,-22.0
LX,256,2022-03-08 03:30:00,2022-03-08 03:15:00,A,ZRH,ZURICH,SWITZERLAND,3,LANDED,-15.0
AM,7854,2022-03-08 03:55:00,2022-03-08 03:17:00,A,CDG,PARIS,FRANCE,3,LANDED,-38.0
LY,326,2022-03-08 03:55:00,2022-03-08 03:17:00,A,CDG,PARIS,FRANCE,3,LANDED,-38.0
LY,614,2022-03-08 02:55:00,2022-03-08 03:20:00,A,DME,MOSCOW,RUSSIAN FEDERATION,3,LANDED,25.0
DL,5937,2022-03-08 04:15:00,2022-03-08 03:29:00,A,LHR,LONDON,UNITED KINGDOM,3,LANDED,-46.0
VS,453,2022-03-08 04:15:00,2022-03-08 03:29:00,A,LHR,LONDON,UNITED KINGDOM,3,LANDED,-46.0
LO,151,2022-03-08 03:35:00,2022-03-08 03:55:00,A,WAW,WARSAW,POLAND,3,LANDED,20.0
LY,376,2022-03-08 04:10:00,2022-03-08 03:58:00,A,LIS,LISBON,PORTUGAL,3,LANDED,-12.0
TP,8913,2022-03-08 04:10:00,2022-03-08 03:58:00,A,LIS,LISBON,PORTUGAL,3,LANDED,-12.0
OK,5288,2022-03-08 04:35:00,2022-03-08 04:11:00,A,PRG,PRAGUE,CZECH REPUBLIC,3,LANDED,-24.0
QS,1286,2022-03-08 04:35:00,2022-03-08 04:11:00,A,PRG,PRAGUE,CZECH REPUBLIC,3,LANDED,-24.0
6H,7768,2022-03-08 04:35:00,2022-03-08 04:11:00,A,PRG,PRAGUE,CZECH REPUBLIC,3,LANDED,-24.0
AM,7878,2022-03-08 04:50:00,2022-03-08 04:49:00,A,MAD,MADRID,SPAIN,3,LANDED,-1.0
AR,7870,2022-03-08 04:50:00,2022-03-08 04:49:00,A,MAD,MADRID,SPAIN,3,LANDED,-1.0
IB,2397,2022-03-08 04:50:00,2022-03-08 04:49:00,A,MAD,MADRID,SPAIN,3,LANDED,-1.0
LY,398,2022-03-08 04:50:00,2022-03-08 04:49:00,A,MAD,MADRID,SPAIN,3,LANDED,-1.0
FX,5065,2022-03-08 05:40:00,2022-03-08 05:14:00,A,CGN,COLOGNE,GERMANY,3,LANDED,-26.0
AZ,809,2022-03-08 05:15:00,2022-03-08 05:30:00,D,FCO,ROME,ITALY,3,DEPARTED,15.0
DL,6655,2022-03-08 05:15:00,2022-03-08 05:30:00,D,FCO,ROME,ITALY,3,DEPARTED,15.0
AF,8424,2022-03-08 05:15:00,2022-03-08 05:34:00,D,AMS,AMSTERDAM,NETHERLANDS,3,DEPARTED,19.0
DL,9690,2022-03-08 05:15:00,2022-03-08 05:34:00,D,AMS,AMSTERDAM,NETHERLANDS,3,DEPARTED,19.0
KL,462,2022-03-08 05:15:00,2022-03-08 05:34:00,D,AMS,AMSTERDAM,NETHERLANDS,3,DEPARTED,19.0
KQ,1462,2022-03-08 05:15:00,2022-03-08 05:34:00,D,AMS,AMSTERDAM,NETHERLANDS,3,DEPARTED,19.0
PC,786,2022-03-08 05:30:00,2022-03-08 05:36:00,D,SAW,ISTANBUL,TURKEY,3,DEPARTED,6.0
LH,691,2022-03-08 05:20:00,2022-03-08 05:38:00,D,FRA,FRANKFURT,GERMANY,3,DEPARTED,18.0
A3,929,2022-03-08 05:20:00,2022-03-08 05:40:00,D,ATH,ATHENS,GREECE,3,DEPARTED,20.0
IZ,298,2022-03-08 05:25:00,2022-03-08 05:45:00,A,IAS,IASI,ROMANIA,3,LANDED,20.0
LO,152,2022-03-08 05:20:00,2022-03-08 05:46:00,D,WAW,WARSAW,POLAND,3,DEPARTED,26.0
LY,554,2022-03-08 06:40:00,2022-03-08 05:57:00,A,RAK,MARRAKESH,MOROCCO,3,LANDED,-43.0
6H,425,2022-03-08 06:00:00,2022-03-08 06:00:00,D,ETM,RAMON,ISRAEL,1,CANCELED,0.0
AA,8374,2022-03-08 05:50:00,2022-03-08 06:02:00,D,CDG,PARIS,FRANCE,3,DEPARTED,12.0
LY,319,2022-03-08 05:50:00,2022-03-08 06:02:00,D,CDG,PARIS,FRANCE,3,DEPARTED,12.0
IZ,551,2022-03-08 05:30:00,2022-03-08 06:06:00,D,RVN,ROVANIEMI,FINLAND,3,DEPARTED,36.0
DL,5936,2022-03-08 06:05:00,2022-03-08 06:15:00,D,LHR,LONDON,UNITED KINGDOM,3,DEPARTED,10.0
VS,454,2022-03-08 06:05:00,2022-03-08 06:15:00,D,LHR,LONDON,UNITED KINGDOM,3,DEPARTED,10.0
AA,8851,2022-03-08 06:00:00,2022-03-08 06:16:00,D,MAD,MADRID,SPAIN,3,DEPARTED,16.0
IB,3317,2022-03-08 06:00:00,2022-03-08 06:16:00,D,MAD,MADRID,SPAIN,3,DEPARTED,16.0
LY,8397,2022-03-08 06:00:00,2022-03-08 06:16:00,D,MAD,MADRID,SPAIN,3,DEPARTED,16.0
VY,5270,2022-03-08 06:00:00,2022-03-08 06:16:00,D,MAD,MADRID,SPAIN,3,DEPARTED,16.0
AA,8388,2022-03-08 06:10:00,2022-03-08 06:19:00,D,FCO,ROME,ITALY,3,DEPARTED,9.0
AR,7877,2022-03-08 06:10:00,2022-03-08 06:19:00,D,FCO,ROME,ITALY,3,DEPARTED,9.0
LY,385,2022-03-08 06:10:00,2022-03-08 06:19:00,D,FCO,ROME,ITALY,3,DEPARTED,9.0
TP,8898,2022-03-08 06:10:00,2022-03-08 06:19:00,D,FCO,ROME,ITALY,3,DEPARTED,9.0
IZ,603,2022-03-08 06:05:00,2022-03-08 06:25:00,D,DXB,DUBAI,UNITED ARAB EMIRATES,3,DEPARTED,20.0
TK,7711,2022-03-08 06:10:00,2022-03-08 06:27:00,D,SAW,ISTANBUL,TURKEY,3,DEPARTED,17.0
OS,860,2022-03-08 06:15:00,2022-03-08 06:28:00,D,VIE,VIENNA,AUSTRIA,3,DEPARTED,13.0
AR,7850,2022-03-08 06:45:00,2022-03-08 06:33:00,A,MIA,MIAMI,UNITED STATES,3,LANDED,-12.0
LY,018,2022-03-08 06:45:00,2022-03-08 06:33:00,A,MIA,MIAMI,UNITED STATES,3,LANDED,-12.0
LAU,N800T,2022-03-09 06:30:00,2022-03-08 06:36:00,D,BAH,BAHRAIN,BAHRAIN,3,DEPARTED,-1434.0
FB,572,2022-03-08 06:20:00,2022-03-08 06:40:00,D,SOF,SOFIA,BULGARIA,3,DEPARTED,20.0
6H,041,2022-03-08 06:30:00,2022-03-08 06:48:00,D,ETM,RAMON,ISRAEL,1,DEPARTED,18.0
IZ,801,2022-03-08 06:30:00,2022-03-08 06:51:00,D,ETM,RAMON,ISRAEL,1,DEPARTED,21.0
SU,500,2022-03-08 06:55:00,2022-03-08 06:55:00,A,SVO,MOSCOW,RUSSIAN FEDERATION,3,CANCELED,0.0
U8,103,2022-03-08 07:00:00,2022-03-08 07:03:00,D,LCA,LARNACA,CYPRUS,3,DEPARTED,3.0
AA,8385,2022-03-08 06:50:00,2022-03-08 07:10:00,D,MXP,MILAN,ITALY,3,DEPARTED,20.0
LY,381,2022-03-08 06:50:00,2022-03-08 07:10:00,D,MXP,MILAN,ITALY,3,DEPARTED,20.0
LH,683,2022-03-08 07:00:00,2022-03-08 07:12:00,D,MUC,MUNICH,GERMANY,3,DEPARTED,12.0
CX,675,2022-03-08 07:15:00,2022-03-08 07:24:00,A,HKG,HONG KONG,CHINA,3,LANDED,9.0
PC,780,2022-03-08 07:20:00,2022-03-08 07:30:00,D,SAW,ISTANBUL,TURKEY,3,DEPARTED,10.0
LY,541,2022-03-08 07:15:00,2022-03-08 07:31:00,D,ATH,ATHENS,GREECE,3,DEPARTED,16.0
TK,811,2022-03-08 07:25:00,2022-03-08 07:38:00,D,IST,ISTANBUL,TURKEY,3,DEPARTED,13.0
LY,551,2022-03-08 07:30:00,2022-03-08 07:41:00,D,SOF,SOFIA,BULGARIA,3,DEPARTED,11.0
LX,257,2022-03-08 07:35:00,2022-03-08 07:43:00,D,ZRH,ZURICH,SWITZERLAND,3,DEPARTED,8.0
HU,777,2022-03-08 08:05:00,2022-03-08 07:48:00,A,PVG,SHANGHAI PUDONG,CHINA,3,LANDED,-17.0
QS,8287,2022-03-08 07:40:00,2022-03-08 07:49:00,D,PRG,PRAGUE,CZECH REPUBLIC,3,DEPARTED,9.0
6H,767,2022-03-08 07:40:00,2022-03-08 07:49:00,D,PRG,PRAGUE,CZECH REPUBLIC,3,DEPARTED,9.0
AHS,N99LE,2022-03-08 08:00:00,2022-03-08 08:00:00,D,ALL,ALBENGA,ITALY,3,CANCELED,0.0
LY,611,2022-03-08 08:00:00,2022-03-08 08:13:00,D,DME,MOSCOW,RUSSIAN FEDERATION,3,DEPARTED,13.0
S7,4482,2022-03-08 08:00:00,2022-03-08 08:13:00,D,DME,MOSCOW,RUSSIAN FEDERATION,3,DEPARTED,13.0
6H,421,2022-03-08 07:30:00,2022-03-08 08:16:00,D,ETM,RAMON,ISRAEL,1,DEPARTED,46.0
QAS,T7AIG,2022-03-08 08:45:00,2022-03-08 08:32:00,A,AZI,ABU DAHBI,UNITED ARAB EMIRATES,3,LANDED,-13.0
6H,885,2022-03-08 08:10:00,2022-03-08 08:33:00,D,BUS,BATUMI,GEORGIA,3,DEPARTED,23.0
QAS,MMBLY,2022-03-08 13:30:00,2022-03-08 08:37:00,D,SMV,SAMEDAN,SWITZERLAND,3,DEPARTED,-293.0
IZ,802,2022-03-08 08:45:00,2022-03-08 08:46:00,A,ETM,RAMON,ISRAEL,1,LANDED,1.0
UA,084,2022-03-08 09:20:00,2022-03-08 08:52:00,A,EWR,NEWARK,UNITED STATES,3,LANDED,-28.0
TK,784,2022-03-08 08:55:00,2022-03-08 08:55:00,A,IST,ISTANBUL,TURKEY,3,LANDED,0.0
PC,795,2022-03-08 09:10:00,2022-03-08 08:58:00,A,SAW,ISTANBUL,TURKEY,3,LANDED,-12.0
6H,225,2022-03-08 08:30:00,2022-03-08 08:59:00,D,RVN,ROVANIEMI,FINLAND,3,DEPARTED,29.0
LAU,OKEMA,2022-03-08 09:00:00,2022-03-08 09:00:00,D,PRG,PRAGUE,CZECH REPUBLIC,3,CANCELED,0.0
NJE,CSLTG,2022-03-08 09:00:00,2022-03-08 09:00:00,A,LCA,LARNACA,CYPRUS,3,CANCELED,0.0
QY,994,2022-03-08 09:00:00,2022-03-08 09:02:00,A,BRU,BRUSSELS,BELGIUM,3,LANDED,2.0
AHS,N99LE,2022-03-08 09:10:00,2022-03-08 09:04:00,D,ALL,ALBENGA,ITALY,3,DEPARTED,-6.0
SU,501,2022-03-08 09:05:00,2022-03-08 09:05:00,D,SVO,MOSCOW,RUSSIAN FEDERATION,3,CANCELED,0.0
6H,426,2022-03-08 09:05:00,2022-03-08 09:05:00,A,ETM,RAMON,ISRAEL,1,CANCELED,0.0
6H,042,2022-03-08 09:10:00,2022-03-08 09:10:00,A,ETM,RAMON,ISRAEL,1,LANDED,0.0
6H,663,2022-03-08 09:10:00,2022-03-08 09:10:00,D,DXB,DUBAI,UNITED ARAB EMIRATES,3,CANCELED,0.0
LY,323,2022-03-08 09:00:00,2022-03-08 09:15:00,D,CDG,PARIS,FRANCE,3,DEPARTED,15.0
AA,8371,2022-03-08 09:05:00,2022-03-08 09:18:00,D,LHR,LONDON,UNITED KINGDOM,3,DEPARTED,13.0
AM,7863,2022-03-08 09:05:00,2022-03-08 09:18:00,D,LHR,LONDON,UNITED KINGDOM,3,DEPARTED,13.0
LY,315,2022-03-08 09:05:00,2022-03-08 09:18:00,D,LHR,LONDON,UNITED KINGDOM,3,DEPARTED,13.0
6H,661,2022-03-08 08:55:00,2022-03-08 09:22:00,D,DXB,DUBAI,UNITED ARAB EMIRATES,3,DEPARTED,27.0
LAU,9HDOM,2022-03-08 09:25:00,2022-03-08 09:25:00,D,GVA,GENEVA,SWITZERLAND,3,CANCELED,0.0
QY,960,2022-03-08 09:50:00,2022-03-08 09:26:00,A,LEJ,LEIPZIG,GERMANY,3,LANDED,-24.0
LY,2365,2022-03-08 09:10:00,2022-03-08 09:28:00,D,BUD,BUDAPEST,HUNGARY,3,DEPARTED,18.0
FZ,1549,2022-03-08 09:30:00,2022-03-08 09:30:00,A,DXB,DUBAI,UNITED ARAB EMIRATES,3,CANCELED,0.0
311,4XCLL,2022-03-08 09:45:00,2022-03-08 09:32:00,D,PFO,PAPHOS,CYPRUS,3,DEPARTED,-13.0
3U,3779,2022-03-08 08:55:00,2022-03-08 09:38:00,A,CTU,CHENGDU,CHINA,3,LANDED,43.0
AA,8389,2022-03-08 09:30:00,2022-03-08 09:40:00,D,BCN,BARCELONA,SPAIN,3,DEPARTED,10.0
AM,7891,2022-03-08 09:30:00,2022-03-08 09:40:00,D,BCN,BARCELONA,SPAIN,3,DEPARTED,10.0
IB,2392,2022-03-08 09:30:00,2022-03-08 09:40:00,D,BCN,BARCELONA,SPAIN,3,DEPARTED,10.0
LY,393,2022-03-08 09:30:00,2022-03-08 09:40:00,D,BCN,BARCELONA,SPAIN,3,DEPARTED,10.0
LAU,N944G,2022-03-08 10:10:00,2022-03-08 09:51:00,A,TEB,TETERBORO,UNITED STATES,3,LANDED,-19.0
LY,2521,2022-03-08 09:40:00,2022-03-08 09:52:00,D,PRG,PRAGUE,CZECH REPUBLIC,3,DEPARTED,12.0
IZ,807,2022-03-08 09:40:00,2022-03-08 09:57:00,D,ETM,RAMON,ISRAEL,1,DEPARTED,17.0
NJE,CSLTJ,2022-03-08 10:10:00,2022-03-08 09:57:00,A,ATH,ATHENS,GREECE,3,LANDED,-13.0
TK,7708,2022-03-08 10:10:00,2022-03-08 10:01:00,A,SAW,ISTANBUL,TURKEY,3,LANDED,-9.0
LY,615,2022-03-08 10:00:00,2022-03-08 10:08:00,D,DME,MOSCOW,RUSSIAN FEDERATION,3,DEPARTED,8.0
FR,4083,2022-03-08 10:25:00,2022-03-08 10:12:00,A,KRK,KRAKOW,POLAND,3,LANDED,-13.0
FR,7090,2022-03-08 10:40:00,2022-03-08 10:16:00,A,FCO,ROME,ITALY,3,LANDED,-24.0
FR,7161,2022-03-08 10:25:00,2022-03-08 10:24:00,A,VIE,VIENNA,AUSTRIA,3,LANDED,-1.0
FZ,1550,2022-03-08 10:30:00,2022-03-08 10:30:00,D,DXB,DUBAI,UNITED ARAB EMIRATES,3,CANCELED,0.0
NJE,CSLTG,2022-03-08 10:30:00,2022-03-08 10:30:00,D,SMV,SAMEDAN,SWITZERLAND,3,CANCELED,0.0
LY,1076,2022-03-08 11:20:00,2022-03-08 10:31:00,A,HKG,HONG KONG,CHINA,3,LANDED,-49.0
6H,422,2022-03-08 10:50:00,2022-03-08 10:35:00,A,ETM,RAMON,ISRAEL,1,LANDED,-15.0
QAS,9HVCK,2022-03-08 10:00:00,2022-03-08 10:36:00,D,GVA,GENEVA,SWITZERLAND,3,DEPARTED,36.0
AM,7868,2022-03-08 11:20:00,2022-03-08 10:38:00,A,JFK,NEW YORK,UNITED STATES,3,LANDED,-42.0
AR,7852,2022-03-08 11:20:00,2022-03-08 10:38:00,A,JFK,NEW YORK,UNITED STATES,3,LANDED,-42.0
LY,002,2022-03-08 11:20:00,2022-03-08 10:38:00,A,JFK,NEW YORK,UNITED STATES,3,LANDED,-42.0
JU,8253,2022-03-08 09:50:00,2022-03-08 10:40:00,D,IST,ISTANBUL,TURKEY,3,DEPARTED,50.0
TK,785,2022-03-08 09:50:00,2022-03-08 10:40:00,D,IST,ISTANBUL,TURKEY,3,DEPARTED,50.0
PC,796,2022-03-08 10:10:00,2022-03-08 10:41:00,D,SAW,ISTANBUL,TURKEY,3,DEPARTED,31.0
311,N405L,2022-03-08 10:00:00,2022-03-08 10:44:00,D,LCA,LARNACA,CYPRUS,3,DEPARTED,44.0
LY,553,2022-03-08 10:30:00,2022-03-08 10:46:00,D,RAK,MARRAKESH,MOROCCO,3,DEPARTED,16.0
6H,441,2022-03-08 10:20:00,2022-03-08 10:48:00,D,ETM,RAMON,ISRAEL,1,DEPARTED,28.0
FR,6754,2022-03-08 11:35:00,2022-03-08 10:58:00,A,BUD,BUDAPEST,HUNGARY,3,LANDED,-37.0
AHS,OELML,2022-03-08 11:00:00,2022-03-08 11:00:00,D,LBG,PARIS,FRANCE,3,CANCELED,0.0
FR,2005,2022-03-08 11:10:00,2022-03-08 11:01:00,A,BGY,BERGAMO,ITALY,3,LANDED,-9.0
3V,4848,2022-03-08 10:55:00,2022-03-08 11:18:00,A,VIE,VIENNA,AUSTRIA,3,LANDED,23.0
FR,2836,2022-03-08 11:30:00,2022-03-08 11:22:00,A,VNO,VILNIUS,LITHUANIA,3,LANDED,-8.0
XC,455,2022-03-08 11:30:00,2022-03-08 11:27:00,A,AYT,ANTALYA,TURKEY,3,LANDED,-3.0
AHS,LZBRU,2022-03-08 11:10:00,2022-03-08 11:33:00,A,LCA,LARNACA,CYPRUS,3,LANDED,23.0
TWI,503,2022-03-08 11:30:00,2022-03-08 11:36:00,A,AYT,ANTALYA,TURKEY,3,LANDED,6.0
311,4XCLL,2022-03-08 11:40:00,2022-03-08 11:38:00,A,PFO,PAPHOS,CYPRUS,3,LANDED,-2.0
FR,4084,2022-03-08 11:15:00,2022-03-08 11:39:00,D,KRK,KRAKOW,POLAND,3,DEPARTED,24.0
EJU,2563,2022-03-08 11:55:00,2022-03-08 11:42:00,A,MXP,MILAN,ITALY,3,LANDED,-13.0
LAU,OKEMA,2022-03-08 10:40:00,2022-03-08 11:43:00,D,LCA,LARNACA,CYPRUS,3,DEPARTED,63.0
FR,7162,2022-03-08 11:15:00,2022-03-08 11:45:00,D,VIE,VIENNA,AUSTRIA,3,DEPARTED,30.0
EZS,1525,2022-03-08 12:10:00,2022-03-08 11:49:00,A,GVA,GENEVA,SWITZERLAND,3,LANDED,-21.0
EJU,5201,2022-03-08 12:15:00,2022-03-08 11:53:00,A,BER,BERLIN,GERMANY,3,LANDED,-22.0
NJE,CSLTJ,2022-03-08 11:30:00,2022-03-08 11:53:00,D,SMV,SAMEDAN,SWITZERLAND,3,DEPARTED,23.0
EK,2363,2022-03-08 11:40:00,2022-03-08 11:58:00,A,DXB,DUBAI,UNITED ARAB EMIRATES,3,LANDED,18.0
FZ,1163,2022-03-08 11:40:00,2022-03-08 11:58:00,A,DXB,DUBAI,UNITED ARAB EMIRATES,3,LANDED,18.0
UA,085,2022-03-08 11:30:00,2022-03-08 11:59:00,D,EWR,NEWARK,UNITED STATES,3,DEPARTED,29.0
LY,973,2022-03-08 11:30:00,2022-03-08 12:01:00,D,DXB,DUBAI,UNITED ARAB EMIRATES,3,DEPARTED,31.0
HU,778,2022-03-08 11:35:00,2022-03-08 12:03:00,D,PVG,SHANGHAI PUDONG,CHINA,3,DEPARTED,28.0
6H,431,2022-03-08 11:45:00,2022-03-08 12:06:00,D,ETM,RAMON,ISRAEL,1,DEPARTED,21.0
FR,7091,2022-03-08 11:30:00,2022-03-08 12:09:00,D,FCO,ROME,ITALY,3,DEPARTED,39.0
LAU,9HAMY,2022-03-08 12:10:00,2022-03-08 12:10:00,D,ISL,ISTANBUL,TURKEY,3,CANCELED,0.0
FR,6746,2022-03-08 12:05:00,2022-03-08 12:14:00,A,CRL,BRUSSELS,BELGIUM,3,LANDED,9.0
LY,542,2022-03-08 12:30:00,2022-03-08 12:16:00,A,ATH,ATHENS,GREECE,3,LANDED,-14.0
LY,617,2022-03-08 12:00:00,2022-03-08 12:18:00,D,DME,MOSCOW,RUSSIAN FEDERATION,3,DEPARTED,18.0
QAS,YUPDD,2022-03-08 12:10:00,2022-03-08 12:21:00,A,LIN,MILAN,ITALY,3,LANDED,11.0
3U,3780,2022-03-08 12:55:00,2022-03-08 12:24:00,D,CTU,CHENGDU,CHINA,3,DEPARTED,-31.0
TK,7709,2022-03-08 12:10:00,2022-03-08 12:29:00,D,SAW,ISTANBUL,TURKEY,3,DEPARTED,19.0
AHS,LZBRU,2022-03-08 12:30:00,2022-03-08 12:30:00,D,SCV,SUCEAVA,ROMANIA,3,CANCELED,0.0
IZ,808,2022-03-08 12:35:00,2022-03-08 12:30:00,A,ETM,RAMON,ISRAEL,1,LANDED,-5.0
EJU,7933,2022-03-08 13:00:00,2022-03-08 12:34:00,A,AMS,AMSTERDAM,NETHERLANDS,3,LANDED,-26.0
FR,2006,2022-03-08 12:05:00,2022-03-08 12:35:00,D,BGY,BERGAMO,ITALY,3,DEPARTED,30.0
EJU,3737,2022-03-08 13:00:00,2022-03-08 12:37:00,A,CDG,PARIS,FRANCE,3,LANDED,-23.0
FR,6755,2022-03-08 12:25:00,2022-03-08 12:37:00,D,BUD,BUDAPEST,HUNGARY,3,DEPARTED,12.0
TO,3930,2022-03-08 12:50:00,2022-03-08 12:40:00,A,ORY,PARIS,FRANCE,3,LANDED,-10.0
FR,4103,2022-03-08 12:55:00,2022-03-08 12:42:00,A,PFO,PAPHOS,CYPRUS,3,LANDED,-13.0
FR,2837,2022-03-08 12:35:00,2022-03-08 12:45:00,D,VNO,VILNIUS,LITHUANIA,3,DEPARTED,10.0
LAU,LZBRU,2022-03-08 12:30:00,2022-03-08 12:47:00,D,SCV,SUCEAVA,ROMANIA,3,DEPARTED,17.0
XC,456,2022-03-08 12:30:00,2022-03-08 12:53:00,D,AYT,ANTALYA,TURKEY,3,DEPARTED,23.0
EJU,4463,2022-03-08 12:50:00,2022-03-08 12:58:00,A,LYS,LYON,FRANCE,3,LANDED,8.0
6H,442,2022-03-08 13:10:00,2022-03-08 13:01:00,A,ETM,RAMON,ISRAEL,1,LANDED,-9.0
TWI,504,2022-03-08 12:30:00,2022-03-08 13:04:00,D,AYT,ANTALYA,TURKEY,3,DEPARTED,34.0
TK,794,2022-03-08 13:35:00,2022-03-08 13:13:00,A,IST,ISTANBUL,TURKEY,3,LANDED,-22.0
EZS,1526,2022-03-08 13:05:00,2022-03-08 13:16:00,D,GVA,GENEVA,SWITZERLAND,3,DEPARTED,11.0
LY,026,2022-03-08 14:10:00,2022-03-08 13:17:00,A,EWR,NEWARK,UNITED STATES,3,LANDED,-53.0
EJU,2564,2022-03-08 12:55:00,2022-03-08 13:19:00,D,MXP,MILAN,ITALY,3,DEPARTED,24.0
EJU,5202,2022-03-08 13:10:00,2022-03-08 13:24:00,D,BER,BERLIN,GERMANY,3,DEPARTED,14.0
QAS,FHGLG,2022-03-08 13:15:00,2022-03-08 13:25:00,D,BWE,BRAUNSCHWEIG,GERMANY,3,DEPARTED,10.0
AM,7874,2022-03-08 13:35:00,2022-03-08 13:28:00,A,LAX,LOS ANGELES,UNITED STATES,3,LANDED,-7.0
LY,006,2022-03-08 13:35:00,2022-03-08 13:28:00,A,LAX,LOS ANGELES,UNITED STATES,3,LANDED,-7.0
EK,2364,2022-03-08 12:45:00,2022-03-08 13:36:00,D,DXB,DUBAI,UNITED ARAB EMIRATES,3,DEPARTED,51.0
FZ,1164,2022-03-08 12:45:00,2022-03-08 13:36:00,D,DXB,DUBAI,UNITED ARAB EMIRATES,3,DEPARTED,51.0
QAS,YUPDD,2022-03-08 13:10:00,2022-03-08 13:39:00,D,BEG,BELGRADE,SERBIA,3,DEPARTED,29.0
6H,886,2022-03-08 13:50:00,2022-03-08 13:41:00,A,BUS,BATUMI,GEORGIA,3,LANDED,-9.0
AM,7871,2022-03-08 13:30:00,2022-03-08 13:42:00,D,JFK,NEW YORK,UNITED STATES,3,DEPARTED,12.0
AR,7855,2022-03-08 13:30:00,2022-03-08 13:42:00,D,JFK,NEW YORK,UNITED STATES,3,DEPARTED,12.0
LY,007,2022-03-08 13:30:00,2022-03-08 13:42:00,D,JFK,NEW YORK,UNITED STATES,3,DEPARTED,12.0
UA,140,2022-03-08 14:00:00,2022-03-08 13:47:00,A,ORD,CHICAGO,UNITED STATES,3,LANDED,-13.0
FR,6747,2022-03-08 12:55:00,2022-03-08 13:50:00,D,CRL,BRUSSELS,BELGIUM,3,DEPARTED,55.0
LY,552,2022-03-08 13:45:00,2022-03-08 13:50:00,A,SOF,SOFIA,BULGARIA,3,LANDED,5.0
IZ,815,2022-03-08 13:40:00,2022-03-08 13:54:00,D,ETM,RAMON,ISRAEL,1,DEPARTED,14.0
6H,447,2022-03-08 13:45:00,2022-03-08 13:59:00,D,ETM,RAMON,ISRAEL,1,DEPARTED,14.0
AF,962,2022-03-08 14:05:00,2022-03-08 14:02:00,A,CDG,PARIS,FRANCE,3,LANDED,-3.0
DL,8457,2022-03-08 14:05:00,2022-03-08 14:02:00,A,CDG,PARIS,FRANCE,3,LANDED,-3.0
KL,2059,2022-03-08 14:05:00,2022-03-08 14:02:00,A,CDG,PARIS,FRANCE,3,LANDED,-3.0
LAU,N800T,2022-03-08 13:55:00,2022-03-08 14:04:00,A,DWC,DUBAI,UNITED ARAB EMIRATES,3,LANDED,9.0
AR,7876,2022-03-08 14:30:00,2022-03-08 14:06:00,A,FCO,ROME,ITALY,3,LANDED,-24.0
LY,386,2022-03-08 14:30:00,2022-03-08 14:06:00,A,FCO,ROME,ITALY,3,LANDED,-24.0
LY,613,2022-03-08 13:55:00,2022-03-08 14:09:00,D,DME,MOSCOW,RUSSIAN FEDERATION,3,DEPARTED,14.0
TO,3932,2022-03-08 14:30:00,2022-03-08 14:09:00,A,ORY,PARIS,FRANCE,3,LANDED,-21.0
EJU,7934,2022-03-08 14:00:00,2022-03-08 14:18:00,D,AMS,AMSTERDAM,NETHERLANDS,3,DEPARTED,18.0
6H,432,2022-03-08 14:35:00,2022-03-08 14:18:00,A,ETM,RAMON,ISRAEL,1,LANDED,-17.0
TO,3931,2022-03-08 14:00:00,2022-03-08 14:25:00,D,ORY,PARIS,FRANCE,3,DEPARTED,25.0
BA,165,2022-03-08 14:35:00,2022-03-08 14:26:00,A,LHR,LONDON,UNITED KINGDOM,3,LANDED,-9.0
EJU,3738,2022-03-08 14:00:00,2022-03-08 14:29:00,D,CDG,PARIS,FRANCE,3,DEPARTED,29.0
FR,4104,2022-03-08 13:50:00,2022-03-08 14:30:00,D,PFO,PAPHOS,CYPRUS,3,DEPARTED,40.0
LAU,TCKAM,2022-03-08 14:30:00,2022-03-08 14:30:00,A,ISL,ISTANBUL,TURKEY,3,CANCELED,0.0
PC,787,2022-03-08 14:35:00,2022-03-08 14:30:00,A,AYT,ANTALYA,TURKEY,3,LANDED,-5.0
EJU,4464,2022-03-08 13:45:00,2022-03-08 14:34:00,D,LYS,LYON,FRANCE,3,DEPARTED,49.0
LAU,TCMFY,2022-03-08 14:40:00,2022-03-08 14:36:00,D,MRV,MINERALNYE VODY,RUSSIAN FEDERATION,3,DEPARTED,-4.0
MNB,240,2022-03-08 15:00:00,2022-03-08 14:42:00,A,IST,ISTANBUL,TURKEY,3,LANDED,-18.0
IZ,025,2022-03-08 14:15:00,2022-03-08 14:45:00,D,RAK,MARRAKESH,MOROCCO,3,DEPARTED,30.0
PC,783,2022-03-08 14:55:00,2022-03-08 14:46:00,A,SAW,ISTANBUL,TURKEY,3,LANDED,-9.0
IZ,604,2022-03-08 14:10:00,2022-03-08 14:53:00,A,DXB,DUBAI,UNITED ARAB EMIRATES,3,LANDED,43.0
JU,8266,2022-03-08 14:30:00,2022-03-08 14:55:00,D,IST,ISTANBUL,TURKEY,3,DEPARTED,25.0
TK,795,2022-03-08 14:30:00,2022-03-08 14:55:00,D,IST,ISTANBUL,TURKEY,3,DEPARTED,25.0
QAS,VJT49,2022-03-08 15:05:00,2022-03-08 14:57:00,A,LCA,LARNACA,CYPRUS,3,LANDED,-8.0
LAU,TCKAM,2022-03-08 15:00:00,2022-03-08 15:00:00,D,ISL,ISTANBUL,TURKEY,3,CANCELED,0.0
700,MMBLY,2022-03-08 15:00:00,2022-03-08 15:00:00,D,ATH,ATHENS,GREECE,3,CANCELED,0.0
LH,686,2022-03-08 15:15:00,2022-03-08 15:26:00,A,FRA,FRANKFURT,GERMANY,3,LANDED,11.0
QAS,MMBLY,2022-03-08 18:15:00,2022-03-08 15:44:00,A,SMV,SAMEDAN,SWITZERLAND,3,LANDED,-151.0
LY,822,2022-03-08 16:00:00,2022-03-08 15:47:00,A,LGG,LIEGE,BELGIUM,3,LANDED,-13.0
PC,788,2022-03-08 15:35:00,2022-03-08 15:47:00,D,AYT,ANTALYA,TURKEY,3,DEPARTED,12.0
6H,439,2022-03-08 15:25:00,2022-03-08 15:49:00,D,ETM,RAMON,ISRAEL,1,DEPARTED,24.0
AHS,TCKAM,2022-03-08 14:30:00,2022-03-08 15:52:00,A,ISL,ISTANBUL,TURKEY,3,LANDED,82.0
TO,3933,2022-03-08 15:30:00,2022-03-08 15:53:00,D,ORY,PARIS,FRANCE,3,DEPARTED,23.0
N4,1899,2022-03-08 15:55:00,2022-03-08 15:55:00,A,LED,S.PETERSBURG,RUSSIAN FEDERATION,3,CANCELED,0.0
AA,8386,2022-03-08 16:00:00,2022-03-08 15:59:00,A,MXP,MILAN,ITALY,3,LANDED,-1.0
LY,382,2022-03-08 16:00:00,2022-03-08 15:59:00,A,MXP,MILAN,ITALY,3,LANDED,-1.0
IZ,816,2022-03-08 15:55:00,2022-03-08 16:01:00,A,ETM,RAMON,ISRAEL,1,LANDED,6.0
LH,680,2022-03-08 16:00:00,2022-03-08 16:03:00,A,MUC,MUNICH,GERMANY,3,LANDED,3.0
QY,995,2022-03-08 15:20:00,2022-03-08 16:12:00,D,BRU,BRUSSELS,BELGIUM,3,DEPARTED,52.0
PC,784,2022-03-08 15:55:00,2022-03-08 16:17:00,D,SAW,ISTANBUL,TURKEY,3,DEPARTED,22.0
AM,7856,2022-03-08 17:10:00,2022-03-08 16:22:00,A,JFK,NEW YORK,UNITED STATES,3,LANDED,-48.0
AR,7856,2022-03-08 17:10:00,2022-03-08 16:22:00,A,JFK,NEW YORK,UNITED STATES,3,LANDED,-48.0
LY,008,2022-03-08 17:10:00,2022-03-08 16:22:00,A,JFK,NEW YORK,UNITED STATES,3,LANDED,-48.0
AHS,TCKAM,2022-03-08 15:30:00,2022-03-08 16:23:00,D,ISL,ISTANBUL,TURKEY,3,DEPARTED,53.0
AA,8375,2022-03-08 16:40:00,2022-03-08 16:25:00,A,CDG,PARIS,FRANCE,3,LANDED,-15.0
LY,320,2022-03-08 16:40:00,2022-03-08 16:25:00,A,CDG,PARIS,FRANCE,3,LANDED,-15.0
6H,448,2022-03-08 16:30:00,2022-03-08 16:27:00,A,ETM,RAMON,ISRAEL,1,LANDED,-3.0
MNB,241,2022-03-08 16:30:00,2022-03-08 16:33:00,D,IST,ISTANBUL,TURKEY,3,DEPARTED,3.0
TO,3938,2022-03-08 16:45:00,2022-03-08 16:33:00,A,ORY,PARIS,FRANCE,3,LANDED,-12.0
DL,234,2022-03-08 17:20:00,2022-03-08 16:34:00,A,JFK,NEW YORK,UNITED STATES,3,LANDED,-46.0
AM,7877,2022-03-08 16:15:00,2022-03-08 16:36:00,D,LHR,LONDON,UNITED KINGDOM,3,DEPARTED,21.0
LY,317,2022-03-08 16:15:00,2022-03-08 16:36:00,D,LHR,LONDON,UNITED KINGDOM,3,DEPARTED,21.0
QS,8286,2022-03-08 16:20:00,2022-03-08 16:40:00,A,PRG,PRAGUE,CZECH REPUBLIC,3,LANDED,20.0
6H,768,2022-03-08 16:20:00,2022-03-08 16:40:00,A,PRG,PRAGUE,CZECH REPUBLIC,3,LANDED,20.0
AF,963,2022-03-08 15:55:00,2022-03-08 16:42:00,D,CDG,PARIS,FRANCE,3,DEPARTED,47.0
KL,2060,2022-03-08 15:55:00,2022-03-08 16:42:00,D,CDG,PARIS,FRANCE,3,DEPARTED,47.0
ENT,0177T,2022-03-08 17:00:00,2022-03-08 16:43:00,A,KTW,KATOWICE,POLAND,3,LANDED,-17.0
BA,164,2022-03-08 16:25:00,2022-03-08 16:50:00,D,LHR,LONDON,UNITED KINGDOM,3,DEPARTED,25.0
AA,146,2022-03-08 17:15:00,2022-03-08 16:52:00,A,JFK,NEW YORK,UNITED STATES,3,LANDED,-23.0
6H,665,2022-03-08 17:05:00,2022-03-08 17:05:00,D,DXB,DUBAI,UNITED ARAB EMIRATES,3,CANCELED,0.0
N4,1900,2022-03-08 17:10:00,2022-03-08 17:10:00,D,LED,S.PETERSBURG,RUSSIAN FEDERATION,3,CANCELED,0.0
6H,709,2022-03-08 17:20:00,2022-03-08 17:20:00,A,IAS,IASI,ROMANIA,3,CANCELED,0.0
6H,664,2022-03-08 17:35:00,2022-03-08 17:35:00,A,DXB,DUBAI,UNITED ARAB EMIRATES,3,CANCELED,0.0
LAU,9HAMY,2022-03-08 17:55:00,2022-03-08 17:55:00,A,ISL,ISTANBUL,TURKEY,3,CANCELED,0.0
700,MMBLY,2022-03-08 18:00:00,2022-03-08 18:00:00,A,ATH,ATHENS,GREECE,3,CANCELED,0.0
6H,711,2022-03-08 18:20:00,2022-03-08 18:20:00,D,KIV,CHISINAU,MOLDOVA,3,CANCELED,0.0
QAS,VJT53,2022-03-08 18:30:00,2022-03-08 18:30:00,A,NCE,NICE,FRANCE,3,CANCELED,0.0
6H,561,2022-03-08 18:35:00,2022-03-08 18:35:00,D,ATH,ATHENS,GREECE,3,CANCELED,0.0
LY,5060,2022-03-08 18:45:00,2022-03-08 18:45:00,A,DXB,DUBAI,UNITED ARAB EMIRATES,3,CANCELED,0.0
LAU,9HDOM,2022-03-08 19:05:00,2022-03-08 19:05:00,A,GVA,GENEVA,SWITZERLAND,3,CANCELED,0.0
AHS,LZBRU,2022-03-08 19:30:00,2022-03-08 19:30:00,A,SCV,SUCEAVA,ROMANIA,3,CANCELED,0.0
QAS,9HVTD,2022-03-08 19:35:00,2022-03-08 19:35:00,A,DWC,DUBAI,UNITED ARAB EMIRATES,3,CANCELED,0.0
QAS,MMBLY,2022-03-08 19:45:00,2022-03-08 19:45:00,A,ATH,ATHENS,GREECE,3,CANCELED,0.0
AHS,TCAHE,2022-03-07 21:55:00,2022-03-08 21:55:00,A,EVN,YEREVAN,ARMENIA,3,CANCELED,1440.0
QAS,MSAGI,2022-03-08 22:15:00,2022-03-08 22:15:00,A,LCA,LARNACA,CYPRUS,3,CANCELED,0.0
AHS,TCAHE,2022-03-07 22:40:00,2022-03-08 22:40:00,D,ESB,ANKARA,TURKEY,3,CANCELED,1440.0
QAS,9HVCK,2022-03-08 23:05:00,2022-03-08 23:05:00,A,KRK,KRAKOW,POLAND,3,CANCELED,0.0
6H,712,2022-03-09 01:05:00,2022-03-09 01:05:00,A,KIV,CHISINAU,MOLDOVA,3,CANCELED,0.0
6H,666,2022-03-09 02:05:00,2022-03-09 02:05:00,A,DXB,DUBAI,UNITED ARAB EMIRATES,3,CANCELED,0.0
QAS,YURDA,2022-03-09 05:20:00,2022-03-09 05:20:00,D,BEG,BELGRADE,SERBIA,3,CANCELED,0.0
QAS,9HVFH,2022-03-09 07:25:00,2022-03-09 07:25:00,A,LCA,LARNACA,CYPRUS,3,CANCELED,0.0
6H,421,2022-03-09 07:30:00,2022-03-09 07:30:00,D,ETM,RAMON,ISRAEL,1,CANCELED,0.0
QAS,9HVFH,2022-03-09 08:30:00,2022-03-09 08:30:00,D,ISL,ISTANBUL,TURKEY,3,CANCELED,0.0
6H,426,2022-03-09 08:35:00,2022-03-09 08:35:00,A,ETM,RAMON,ISRAEL,1,CANCELED,0.0
FZ,1549,2022-03-09 09:30:00,2022-03-09 09:30:00,A,DXB,DUBAI,UNITED ARAB EMIRATES,3,CANCELED,0.0
6H,441,2022-03-09 10:00:00,2022-03-09 10:00:00,D,ETM,RAMON,ISRAEL,1,CANCELED,0.0
6H,422,2022-03-09 10:15:00,2022-03-09 10:15:00,A,ETM,RAMON,ISRAEL,1,CANCELED,0.0
FZ,1550,2022-03-09 10:30:00,2022-03-09 10:30:00,D,DXB,DUBAI,UNITED ARAB EMIRATES,3,CANCELED,0.0
6H,998,2022-03-09 11:05:00,2022-03-09 11:05:00,A,SAW,ISTANBUL,TURKEY,3,CANCELED,0.0
IZ,335,2022-03-09 11:20:00,2022-03-09 11:20:00,D,FCO,ROME,ITALY,3,CANCELED,0.0
6H,4XABI,2022-03-09 11:40:00,2022-03-09 11:40:00,D,ESB,ANKARA,TURKEY,3,CANCELED,0.0
QAS,N720L,2022-03-09 12:00:00,2022-03-09 12:00:00,D,DXB,DUBAI,UNITED ARAB EMIRATES,3,CANCELED,0.0
LAU,9HDOM,2022-03-09 12:10:00,2022-03-09 12:10:00,D,VLC,VALENCIA,SPAIN,3,CANCELED,0.0
PQ,3403,2022-03-09 12:45:00,2022-03-09 12:45:00,A,KIV,CHISINAU,MOLDOVA,3,CANCELED,0.0
6H,442,2022-03-09 12:45:00,2022-03-09 12:45:00,A,ETM,RAMON,ISRAEL,1,CANCELED,0.0
PQ,3404,2022-03-09 13:45:00,2022-03-09 13:45:00,D,KIV,CHISINAU,MOLDOVA,3,CANCELED,0.0
LY,5057,2022-03-09 14:00:00,2022-03-09 14:00:00,D,DXB,DUBAI,UNITED ARAB EMIRATES,3,CANCELED,0.0
QAS,9HVCK,2022-03-09 14:20:00,2022-03-09 14:20:00,D,ATH,ATHENS,GREECE,3,CANCELED,0.0
6H,439,2022-03-09 16:40:00,2022-03-09 16:40:00,D,ETM,RAMON,ISRAEL,1,CANCELED,0.0
QAS,9HVTD,2022-03-09 16:55:00,2022-03-09 16:55:00,D,CPH,COPENHAGEN,DENMARK,3,CANCELED,0.0
ICL,0992P,2022-03-09 17:00:00,2022-03-09 17:00:00,A,ETM,RAMON,ISRAEL,1,CANCELED,0.0
6H,440,2022-03-09 19:15:00,2022-03-09 19:15:00,A,ETM,RAMON,ISRAEL,1,CANCELED,0.0
IZ,336,2022-03-09 19:20:00,2022-03-09 19:20:00,A,FCO,ROME,ITALY,3,CANCELED,0.0
LY,5058,2022-03-09 22:35:00,2022-03-09 22:35:00,A,DXB,DUBAI,UNITED ARAB EMIRATES,3,CANCELED,0.0
QAS,9HVTD,2022-03-10 09:00:00,2022-03-10 09:00:00,D,CMF,CHAMBERY,FRANCE,3,CANCELED,0.0
6H,4XABI,2022-03-10 16:10:00,2022-03-10 16:10:00,A,ISL,ISTANBUL,TURKEY,3,CANCELED,0.0
QAS,XARIN,2022-03-10 17:20:00,2022-03-10 17:20:00,A,VCE,VENICE,ITALY,3,CANCELED,0.0
PC,780,2022-03-07 07:20:00,2022-03-07 07:32:00,D,SAW,ISTANBUL,TURKEY,1,DEPARTED,12.0
TK,811,2022-03-07 07:25:00,2022-03-07 07:35:00,D,IST,ISTANBUL,TURKEY,3,DEPARTED,10.0
LY,2521,2022-03-07 07:25:00,2022-03-07 07:37:00,D,PRG,PRAGUE,CZECH REPUBLIC,3,DEPARTED,12.0
TK,6068,2022-03-07 08:20:00,2022-03-07 07:50:00,A,IST,ISTANBUL,TURKEY,3,LANDED,-30.0
6H,663,2022-03-07 06:25:00,2022-03-07 07:52:00,D,DXB,DUBAI,UNITED ARAB EMIRATES,3,DEPARTED,87.0
AHS,VPCMB,2022-03-07 08:00:00,2022-03-07 07:54:00,D,VNO,VILNIUS,LITHUANIA,3,DEPARTED,-6.0
LY,611,2022-03-07 08:00:00,2022-03-07 08:09:00,D,DME,MOSCOW,RUSSIAN FEDERATION,3,DEPARTED,9.0
S7,4482,2022-03-07 08:00:00,2022-03-07 08:09:00,D,DME,MOSCOW,RUSSIAN FEDERATION,3,DEPARTED,9.0
6H,421,2022-03-07 08:00:00,2022-03-07 08:11:00,D,ETM,RAMON,ISRAEL,1,DEPARTED,11.0
311,MOONL,2022-03-07 08:30:00,2022-03-07 08:14:00,D,BER,BERLIN,GERMANY,3,DEPARTED,-16.0
LH,695,2022-03-07 08:00:00,2022-03-07 08:17:00,D,FRA,FRANKFURT,GERMANY,3,DEPARTED,17.0
052,MYSKY,2022-03-07 08:00:00,2022-03-07 08:18:00,D,POZ,POZNAN,POLAND,3,DEPARTED,18.0
OK,5289,2022-03-07 08:05:00,2022-03-07 08:21:00,D,PRG,PRAGUE,CZECH REPUBLIC,1,DEPARTED,16.0
QS,1287,2022-03-07 08:05:00,2022-03-07 08:21:00,D,PRG,PRAGUE,CZECH REPUBLIC,1,DEPARTED,16.0
6H,7767,2022-03-07 08:05:00,2022-03-07 08:21:00,D,PRG,PRAGUE,CZECH REPUBLIC,1,DEPARTED,16.0
LX,257,2022-03-07 07:35:00,2022-03-07 08:23:00,D,ZRH,ZURICH,SWITZERLAND,3,DEPARTED,48.0
LY,8853,2022-03-07 07:35:00,2022-03-07 08:23:00,D,ZRH,ZURICH,SWITZERLAND,3,DEPARTED,48.0
6H,885,2022-03-07 08:10:00,2022-03-07 08:30:00,D,BUS,BATUMI,GEORGIA,3,DEPARTED,20.0
6H,426,2022-03-07 08:35:00,2022-03-07 08:34:00,A,ETM,RAMON,ISRAEL,1,LANDED,-1.0
W6,3257,2022-03-07 08:45:00,2022-03-07 08:43:00,A,OTP,BUCHAREST,ROMANIA,3,LANDED,-2.0
TK,7708,2022-03-07 08:45:00,2022-03-07 08:48:00,A,SAW,ISTANBUL,TURKEY,3,LANDED,3.0
3U,3779,2022-03-07 08:55:00,2022-03-07 08:55:00,A,CTU,CHENGDU,CHINA,3,LANDED,0.0
IZ,802,2022-03-07 08:45:00,2022-03-07 08:58:00,A,ETM,RAMON,ISRAEL,1,LANDED,13.0
W6,4427,2022-03-07 09:10:00,2022-03-07 08:58:00,A,SOF,SOFIA,BULGARIA,3,LANDED,-12.0
AHS,VPCMB,2022-03-07 09:00:00,2022-03-07 09:00:00,D,VNO,VILNIUS,LITHUANIA,3,CANCELED,0.0
TK,784,2022-03-07 08:55:00,2022-03-07 09:00:00,A,IST,ISTANBUL,TURKEY,3,LANDED,5.0
PC,795,2022-03-07 09:10:00,2022-03-07 09:12:00,A,SAW,ISTANBUL,TURKEY,3,LANDED,2.0
U8,0224P,2022-03-07 09:40:00,2022-03-07 09:17:00,A,LCA,LARNACA,CYPRUS,3,LANDED,-23.0
AA,8371,2022-03-07 09:05:00,2022-03-07 09:18:00,D,LHR,LONDON,UNITED KINGDOM,3,DEPARTED,13.0
AM,7863,2022-03-07 09:05:00,2022-03-07 09:18:00,D,LHR,LONDON,UNITED KINGDOM,3,DEPARTED,13.0
LY,315,2022-03-07 09:05:00,2022-03-07 09:18:00,D,LHR,LONDON,UNITED KINGDOM,3,DEPARTED,13.0
LY,323,2022-03-07 09:00:00,2022-03-07 09:20:00,D,CDG,PARIS,FRANCE,3,DEPARTED,20.0
U8,103,2022-03-07 08:40:00,2022-03-07 09:23:00,D,LCA,LARNACA,CYPRUS,1,DEPARTED,43.0
IZ,603,2022-03-07 09:00:00,2022-03-07 09:31:00,D,DXB,DUBAI,UNITED ARAB EMIRATES,1,DEPARTED,31.0
6H,561,2022-03-07 09:25:00,2022-03-07 09:32:00,D,ATH,ATHENS,GREECE,3,DEPARTED,7.0
UA,084,2022-03-07 09:20:00,2022-03-07 09:33:00,A,EWR,NEWARK,UNITED STATES,3,LANDED,13.0
AA,8389,2022-03-07 09:30:00,2022-03-07 09:42:00,D,BCN,BARCELONA,SPAIN,3,DEPARTED,12.0
AM,7891,2022-03-07 09:30:00,2022-03-07 09:42:00,D,BCN,BARCELONA,SPAIN,3,DEPARTED,12.0
IB,2392,2022-03-07 09:30:00,2022-03-07 09:42:00,D,BCN,BARCELONA,SPAIN,3,DEPARTED,12.0
LY,393,2022-03-07 09:30:00,2022-03-07 09:42:00,D,BCN,BARCELONA,SPAIN,3,DEPARTED,12.0
FR,2823,2022-03-07 09:50:00,2022-03-07 09:45:00,A,ATH,ATHENS,GREECE,3,LANDED,-5.0
TK,6069,2022-03-07 09:55:00,2022-03-07 09:52:00,D,IST,ISTANBUL,TURKEY,3,DEPARTED,-3.0
W6,2325,2022-03-07 10:05:00,2022-03-07 09:55:00,A,BUD,BUDAPEST,HUNGARY,3,LANDED,-10.0
LY,617,2022-03-07 10:00:00,2022-03-07 10:04:00,D,DME,MOSCOW,RUSSIAN FEDERATION,3,DEPARTED,4.0
FR,7161,2022-03-07 10:30:00,2022-03-07 10:08:00,A,VIE,VIENNA,AUSTRIA,3,LANDED,-22.0
IZ,807,2022-03-07 09:40:00,2022-03-07 10:18:00,D,ETM,RAMON,ISRAEL,1,DEPARTED,38.0
F7,9008,2022-03-07 10:20:00,2022-03-07 10:20:00,D,VKO,MOSCOW,RUSSIAN FEDERATION,3,CANCELED,0.0
TK,7709,2022-03-07 09:40:00,2022-03-07 10:20:00,D,SAW,ISTANBUL,TURKEY,3,DEPARTED,40.0
USF,POKER,2022-03-07 09:35:00,2022-03-07 10:20:00,A,AMM,AMMAN,JORDAN,3,LANDED,45.0
SU,501,2022-03-07 08:40:00,2022-03-07 10:25:00,D,SVO,MOSCOW,RUSSIAN FEDERATION,1,DEPARTED,105.0
JU,8253,2022-03-07 09:50:00,2022-03-07 10:28:00,D,IST,ISTANBUL,TURKEY,3,DEPARTED,38.0
TK,785,2022-03-07 09:50:00,2022-03-07 10:28:00,D,IST,ISTANBUL,TURKEY,3,DEPARTED,38.0
W6,4428,2022-03-07 10:00:00,2022-03-07 10:32:00,D,SOF,SOFIA,BULGARIA,1,DEPARTED,32.0
W6,1559,2022-03-07 10:40:00,2022-03-07 10:33:00,A,WAW,WARSAW,POLAND,3,LANDED,-7.0
6H,422,2022-03-07 10:50:00,2022-03-07 10:37:00,A,ETM,RAMON,ISRAEL,1,LANDED,-13.0
W6,3258,2022-03-07 09:35:00,2022-03-07 10:38:00,D,OTP,BUCHAREST,ROMANIA,1,DEPARTED,63.0
LAU,N344R,2022-03-07 11:00:00,2022-03-07 10:41:00,A,IAD,WASHINGTON,UNITED STATES,3,LANDED,-19.0
AM,7868,2022-03-07 11:20:00,2022-03-07 10:45:00,A,JFK,NEW YORK,UNITED STATES,3,LANDED,-35.0
AR,7852,2022-03-07 11:20:00,2022-03-07 10:45:00,A,JFK,NEW YORK,UNITED STATES,3,LANDED,-35.0
LY,002,2022-03-07 11:20:00,2022-03-07 10:45:00,A,JFK,NEW YORK,UNITED STATES,3,LANDED,-35.0
PC,796,2022-03-07 10:10:00,2022-03-07 10:45:00,D,SAW,ISTANBUL,TURKEY,1,DEPARTED,35.0
HU,458,2022-03-07 10:55:00,2022-03-07 10:48:00,D,CAN,GUANGZHOU,CHINA,3,DEPARTED,-7.0
LY,615,2022-03-07 11:00:00,2022-03-07 11:00:00,D,DME,MOSCOW,RUSSIAN FEDERATION,3,CANCELED,0.0
QAS,N69JU,2022-03-07 11:00:00,2022-03-07 11:00:00,D,FAB,FARNBOROUGH,UNITED KINGDOM,3,CANCELED,0.0
QAS,YUPDD,2022-03-07 11:00:00,2022-03-07 11:00:00,D,SMV,SAMEDAN,SWITZERLAND,3,CANCELED,0.0
QAS,9HVCL,2022-03-07 11:00:00,2022-03-07 11:00:00,D,KRK,KRAKOW,POLAND,3,CANCELED,0.0
FR,2824,2022-03-07 10:45:00,2022-03-07 11:01:00,D,ATH,ATHENS,GREECE,3,DEPARTED,16.0
6H,441,2022-03-07 10:20:00,2022-03-07 11:10:00,D,ETM,RAMON,ISRAEL,1,DEPARTED,50.0
U8,1824,2022-03-07 10:40:00,2022-03-07 11:16:00,D,MAD,MADRID,SPAIN,1,DEPARTED,36.0
EZS,1525,2022-03-07 11:25:00,2022-03-07 11:26:00,A,GVA,GENEVA,SWITZERLAND,3,LANDED,1.0
FR,8695,2022-03-07 12:15:00,2022-03-07 11:29:00,A,NAP,NAPLES,ITALY,3,LANDED,-46.0
702,T7VIP,2022-03-07 12:00:00,2022-03-07 11:32:00,A,TER,LAJES,PORTUGAL,3,LANDED,-28.0
FR,7162,2022-03-07 11:20:00,2022-03-07 11:35:00,D,VIE,VIENNA,AUSTRIA,3,DEPARTED,15.0
LAU,N1916,2022-03-07 11:10:00,2022-03-07 11:37:00,A,IAS,IASI,ROMANIA,3,LANDED,27.0
311,T7CPX,2022-03-07 12:00:00,2022-03-07 11:39:00,D,CMF,CHAMBERY,FRANCE,3,DEPARTED,-21.0
W6,2326,2022-03-07 10:55:00,2022-03-07 11:43:00,D,BUD,BUDAPEST,HUNGARY,1,DEPARTED,48.0
341,4XCUZ,2022-03-07 12:00:00,2022-03-07 11:47:00,D,RIX,RIGA,LATVIA,3,DEPARTED,-13.0
493,4XDAD,2022-03-07 11:40:00,2022-03-07 11:48:00,A,RPN,ROSH PINA,ISRAEL,3,LANDED,8.0
EK,2363,2022-03-07 11:40:00,2022-03-07 11:50:00,A,DXB,DUBAI,UNITED ARAB EMIRATES,3,LANDED,10.0
FZ,1163,2022-03-07 11:40:00,2022-03-07 11:50:00,A,DXB,DUBAI,UNITED ARAB EMIRATES,3,LANDED,10.0
UA,085,2022-03-07 11:30:00,2022-03-07 11:52:00,D,EWR,NEWARK,UNITED STATES,3,DEPARTED,22.0
USF,POKER,2022-03-07 10:35:00,2022-03-07 11:56:00,D,AMM,AMMAN,JORDAN,3,DEPARTED,81.0
FR,6754,2022-03-07 12:10:00,2022-03-07 12:01:00,A,BUD,BUDAPEST,HUNGARY,3,LANDED,-9.0
LY,615,2022-03-07 12:00:00,2022-03-07 12:01:00,D,DME,MOSCOW,RUSSIAN FEDERATION,3,DEPARTED,1.0
GF,972,2022-03-07 12:00:00,2022-03-07 12:04:00,A,BAH,BAHRAIN,BAHRAIN,3,LANDED,4.0
EZS,1191,2022-03-07 12:25:00,2022-03-07 12:07:00,A,BSL,BASEL,SWITZERLAND,3,LANDED,-18.0
6H,431,2022-03-07 11:45:00,2022-03-07 12:08:00,D,ETM,RAMON,ISRAEL,1,DEPARTED,23.0
LY,973,2022-03-07 12:00:00,2022-03-07 12:10:00,D,DXB,DUBAI,UNITED ARAB EMIRATES,3,DEPARTED,10.0
W6,1560,2022-03-07 11:30:00,2022-03-07 12:15:00,D,WAW,WARSAW,POLAND,1,DEPARTED,45.0
9U,347,2022-03-07 12:15:00,2022-03-07 12:15:00,A,KIV,CHISINAU,MOLDOVA,3,CANCELED,0.0
LY,030,2022-03-07 12:50:00,2022-03-07 12:21:00,A,YYZ,TORONTO,CANADA,3,LANDED,-29.0
LY,5059,2022-03-07 12:30:00,2022-03-07 12:30:00,D,DXB,DUBAI,UNITED ARAB EMIRATES,3,CANCELED,0.0
TO,3930,2022-03-07 12:50:00,2022-03-07 12:32:00,A,ORY,PARIS,FRANCE,3,LANDED,-18.0
EJU,7933,2022-03-07 13:00:00,2022-03-07 12:39:00,A,AMS,AMSTERDAM,NETHERLANDS,3,LANDED,-21.0
EZS,1526,2022-03-07 12:20:00,2022-03-07 12:45:00,D,GVA,GENEVA,SWITZERLAND,3,DEPARTED,25.0
LAU,DAFUN,2022-03-07 08:30:00,2022-03-07 12:46:00,A,LCA,LARNACA,CYPRUS,3,LANDED,256.0
493,4XDAD,2022-03-07 12:30:00,2022-03-07 12:48:00,D,LHA,NEUSTADT,GERMANY,3,DEPARTED,18.0
IZ,808,2022-03-07 12:35:00,2022-03-07 12:57:00,A,ETM,RAMON,ISRAEL,1,LANDED,22.0
3U,3780,2022-03-07 12:55:00,2022-03-07 12:58:00,D,CTU,CHENGDU,CHINA,3,DEPARTED,3.0
EJU,5201,2022-03-07 13:20:00,2022-03-07 12:59:00,A,BER,BERLIN,GERMANY,3,LANDED,-21.0
FR,6746,2022-03-07 13:20:00,2022-03-07 13:02:00,A,CRL,BRUSSELS,BELGIUM,3,LANDED,-18.0
FR,8696,2022-03-07 13:05:00,2022-03-07 13:11:00,D,NAP,NAPLES,ITALY,3,DEPARTED,6.0
9U,348,2022-03-07 13:15:00,2022-03-07 13:15:00,D,KIV,CHISINAU,MOLDOVA,1,CANCELED,0.0
FR,6755,2022-03-07 13:00:00,2022-03-07 13:20:00,D,BUD,BUDAPEST,HUNGARY,3,DEPARTED,20.0
6H,442,2022-03-07 13:10:00,2022-03-07 13:26:00,A,ETM,RAMON,ISRAEL,1,LANDED,16.0
AHS,4KJJ8,2022-03-07 13:30:00,2022-03-07 13:30:00,A,BAK,BAKU,AZERBAIJAN,3,CANCELED,0.0
AM,7874,2022-03-07 14:00:00,2022-03-07 13:31:00,A,LAX,LOS ANGELES,UNITED STATES,3,LANDED,-29.0
LY,006,2022-03-07 14:00:00,2022-03-07 13:31:00,A,LAX,LOS ANGELES,UNITED STATES,3,LANDED,-29.0
6H,886,2022-03-07 13:50:00,2022-03-07 13:32:00,A,BUS,BATUMI,GEORGIA,3,LANDED,-18.0
EZS,1192,2022-03-07 13:20:00,2022-03-07 13:35:00,D,BSL,BASEL,SWITZERLAND,3,DEPARTED,15.0
EK,2364,2022-03-07 12:45:00,2022-03-07 13:38:00,D,DXB,DUBAI,UNITED ARAB EMIRATES,1,DEPARTED,53.0
FZ,1164,2022-03-07 12:45:00,2022-03-07 13:38:00,D,DXB,DUBAI,UNITED ARAB EMIRATES,1,DEPARTED,53.0
LY,026,2022-03-07 14:10:00,2022-03-07 13:41:00,A,EWR,NEWARK,UNITED STATES,3,LANDED,-29.0
TK,794,2022-03-07 13:55:00,2022-03-07 13:48:00,A,IST,ISTANBUL,TURKEY,3,LANDED,-7.0
AM,7871,2022-03-07 13:30:00,2022-03-07 13:49:00,D,JFK,NEW YORK,UNITED STATES,3,DEPARTED,19.0
AR,7855,2022-03-07 13:30:00,2022-03-07 13:49:00,D,JFK,NEW YORK,UNITED STATES,3,DEPARTED,19.0
LY,007,2022-03-07 13:30:00,2022-03-07 13:49:00,D,JFK,NEW YORK,UNITED STATES,3,DEPARTED,19.0
B2,8751,2022-03-07 14:15:00,2022-03-07 13:50:00,A,MSQ,MINSK,BELARUS,3,LANDED,-25.0
QAS,MM623,2022-03-07 14:30:00,2022-03-07 13:53:00,D,IRE,PRATICA DI MARE,ITALY,3,DEPARTED,-37.0
AR,7876,2022-03-07 14:30:00,2022-03-07 13:56:00,A,FCO,ROME,ITALY,3,LANDED,-34.0
LY,386,2022-03-07 14:30:00,2022-03-07 13:56:00,A,FCO,ROME,ITALY,3,LANDED,-34.0
LY,613,2022-03-07 13:55:00,2022-03-07 13:56:00,D,DME,MOSCOW,RUSSIAN FEDERATION,3,DEPARTED,1.0
IZ,811,2022-03-07 13:50:00,2022-03-07 14:04:00,D,ETM,RAMON,ISRAEL,1,DEPARTED,14.0
TO,3932,2022-03-07 14:30:00,2022-03-07 14:04:00,A,ORY,PARIS,FRANCE,3,LANDED,-26.0
EJU,7934,2022-03-07 14:00:00,2022-03-07 14:13:00,D,AMS,AMSTERDAM,NETHERLANDS,3,DEPARTED,13.0
6H,432,2022-03-07 14:35:00,2022-03-07 14:16:00,A,ETM,RAMON,ISRAEL,1,LANDED,-19.0
AF,962,2022-03-07 14:05:00,2022-03-07 14:21:00,A,CDG,PARIS,FRANCE,3,LANDED,16.0
DL,8457,2022-03-07 14:05:00,2022-03-07 14:21:00,A,CDG,PARIS,FRANCE,3,LANDED,16.0
KL,2059,2022-03-07 14:05:00,2022-03-07 14:21:00,A,CDG,PARIS,FRANCE,3,LANDED,16.0
EJU,5202,2022-03-07 14:15:00,2022-03-07 14:29:00,D,BER,BERLIN,GERMANY,3,DEPARTED,14.0
AHS,4KJJ8,2022-03-07 14:30:00,2022-03-07 14:30:00,D,BAK,BAKU,AZERBAIJAN,3,CANCELED,0.0
FR,7090,2022-03-07 15:05:00,2022-03-07 14:33:00,A,FCO,ROME,ITALY,3,LANDED,-32.0
FR,6747,2022-03-07 14:10:00,2022-03-07 14:38:00,D,CRL,BRUSSELS,BELGIUM,3,DEPARTED,28.0
6H,447,2022-03-07 13:45:00,2022-03-07 14:41:00,D,ETM,RAMON,ISRAEL,1,DEPARTED,56.0
BA,165,2022-03-07 14:35:00,2022-03-07 14:44:00,A,LHR,LONDON,UNITED KINGDOM,3,LANDED,9.0
MNB,140,2022-03-07 15:00:00,2022-03-07 14:46:00,A,IST,ISTANBUL,TURKEY,3,LANDED,-14.0
TO,3931,2022-03-07 14:00:00,2022-03-07 14:49:00,D,ORY,PARIS,FRANCE,1,DEPARTED,49.0
QAS,N127R,2022-03-07 15:15:00,2022-03-07 14:50:00,A,BHX,BIRMINGHAM,UNITED KINGDOM,3,LANDED,-25.0
USF,RCH18,2022-03-07 14:50:00,2022-03-07 14:50:00,A,ADJ,AMMAN,JORDAN,3,CANCELED,0.0
6H,562,2022-03-07 13:35:00,2022-03-07 14:51:00,A,ATH,ATHENS,GREECE,3,LANDED,76.0
FX,5071,2022-03-07 15:00:00,2022-03-07 14:55:00,D,CGN,COLOGNE,GERMANY,3,DEPARTED,-5.0
QAS,N836B,2022-03-07 15:05:00,2022-03-07 14:56:00,A,FAB,FARNBOROUGH,UNITED KINGDOM,3,LANDED,-9.0
LAU,DAFUN,2022-03-07 10:00:00,2022-03-07 15:00:00,D,LBG,PARIS,FRANCE,3,DEPARTED,300.0
PC,783,2022-03-07 14:55:00,2022-03-07 15:06:00,A,SAW,ISTANBUL,TURKEY,3,LANDED,11.0
GF,973,2022-03-07 14:30:00,2022-03-07 15:07:00,D,BAH,BAHRAIN,BAHRAIN,1,DEPARTED,37.0
QAS,DCFIV,2022-03-07 12:10:00,2022-03-07 15:07:00,A,VIE,VIENNA,AUSTRIA,3,LANDED,177.0
LY,2366,2022-03-07 14:55:00,2022-03-07 15:13:00,A,BUD,BUDAPEST,HUNGARY,3,LANDED,18.0
LY,5457,2022-03-07 15:00:00,2022-03-07 15:14:00,D,IAS,IASI,ROMANIA,3,DEPARTED,14.0
AA,052,2022-03-07 15:30:00,2022-03-07 15:16:00,A,MIA,MIAMI,UNITED STATES,3,LANDED,-14.0
JU,8266,2022-03-07 14:50:00,2022-03-07 15:17:00,D,IST,ISTANBUL,TURKEY,3,DEPARTED,27.0
TK,795,2022-03-07 14:50:00,2022-03-07 15:17:00,D,IST,ISTANBUL,TURKEY,3,DEPARTED,27.0
LH,686,2022-03-07 15:15:00,2022-03-07 15:19:00,A,FRA,FRANKFURT,GERMANY,3,LANDED,4.0
QY,995,2022-03-07 15:20:00,2022-03-07 15:25:00,D,BRU,BRUSSELS,BELGIUM,3,DEPARTED,5.0
AM,7877,2022-03-07 15:15:00,2022-03-07 15:31:00,D,LHR,LONDON,UNITED KINGDOM,3,DEPARTED,16.0
LY,317,2022-03-07 15:15:00,2022-03-07 15:31:00,D,LHR,LONDON,UNITED KINGDOM,3,DEPARTED,16.0
B2,8752,2022-03-07 15:15:00,2022-03-07 15:38:00,D,MSQ,MINSK,BELARUS,3,DEPARTED,23.0
6H,661,2022-03-07 15:40:00,2022-03-07 15:40:00,D,DXB,DUBAI,UNITED ARAB EMIRATES,3,CANCELED,0.0
FR,2005,2022-03-07 16:10:00,2022-03-07 15:43:00,A,BGY,BERGAMO,ITALY,3,LANDED,-27.0
LAU,9HSIS,2022-03-07 15:30:00,2022-03-07 15:43:00,A,BSL,BASEL,SWITZERLAND,3,LANDED,13.0
QAS,N108M,2022-03-07 16:15:00,2022-03-07 15:46:00,A,IND,INDIANAPOLIS,UNITED STATES,3,LANDED,-29.0
6H,721,2022-03-07 15:15:00,2022-03-07 15:55:00,D,SOF,SOFIA,BULGARIA,3,DEPARTED,40.0
LY,375,2022-03-07 15:30:00,2022-03-07 15:59:00,D,LIS,LISBON,PORTUGAL,3,DEPARTED,29.0
TP,8920,2022-03-07 15:30:00,2022-03-07 15:59:00,D,LIS,LISBON,PORTUGAL,3,DEPARTED,29.0
AA,8386,2022-03-07 16:00:00,2022-03-07 16:00:00,A,MXP,MILAN,ITALY,3,LANDED,0.0
LY,382,2022-03-07 16:00:00,2022-03-07 16:00:00,A,MXP,MILAN,ITALY,3,LANDED,0.0
FR,7091,2022-03-07 15:55:00,2022-03-07 16:02:00,D,FCO,ROME,ITALY,3,DEPARTED,7.0
LY,2522,2022-03-07 16:25:00,2022-03-07 16:06:00,A,PRG,PRAGUE,CZECH REPUBLIC,3,LANDED,-19.0
UA,090,2022-03-07 16:20:00,2022-03-07 16:07:00,A,EWR,NEWARK,UNITED STATES,3,LANDED,-13.0
6H,045,2022-03-07 15:25:00,2022-03-07 16:10:00,D,ETM,RAMON,ISRAEL,1,DEPARTED,45.0
LH,680,2022-03-07 16:00:00,2022-03-07 16:18:00,A,MUC,MUNICH,GERMANY,3,LANDED,18.0
6H,664,2022-03-07 14:50:00,2022-03-07 16:22:00,A,DXB,DUBAI,UNITED ARAB EMIRATES,3,LANDED,92.0
IZ,813,2022-03-07 15:50:00,2022-03-07 16:23:00,D,ETM,RAMON,ISRAEL,1,DEPARTED,33.0
IZ,812,2022-03-07 16:15:00,2022-03-07 16:24:00,A,ETM,RAMON,ISRAEL,1,LANDED,9.0
TO,3933,2022-03-07 15:30:00,2022-03-07 16:27:00,D,ORY,PARIS,FRANCE,1,DEPARTED,57.0
PC,784,2022-03-07 15:55:00,2022-03-07 16:31:00,D,SAW,ISTANBUL,TURKEY,1,DEPARTED,36.0
DL,234,2022-03-07 17:20:00,2022-03-07 16:33:00,A,JFK,NEW YORK,UNITED STATES,3,LANDED,-47.0
LY,363,2022-03-07 16:15:00,2022-03-07 16:35:00,D,VIE,VIENNA,AUSTRIA,3,DEPARTED,20.0
AF,963,2022-03-07 15:55:00,2022-03-07 16:40:00,D,CDG,PARIS,FRANCE,3,DEPARTED,45.0
KL,2060,2022-03-07 15:55:00,2022-03-07 16:40:00,D,CDG,PARIS,FRANCE,3,DEPARTED,45.0
TO,3938,2022-03-07 16:45:00,2022-03-07 16:40:00,A,ORY,PARIS,FRANCE,3,LANDED,-5.0
BA,164,2022-03-07 16:25:00,2022-03-07 16:42:00,D,LHR,LONDON,UNITED KINGDOM,3,DEPARTED,17.0
AA,8375,2022-03-07 16:40:00,2022-03-07 16:43:00,A,CDG,PARIS,FRANCE,3,LANDED,3.0
LY,320,2022-03-07 16:40:00,2022-03-07 16:43:00,A,CDG,PARIS,FRANCE,3,LANDED,3.0
MNB,141,2022-03-07 16:30:00,2022-03-07 16:45:00,D,IST,ISTANBUL,TURKEY,3,DEPARTED,15.0
AM,7856,2022-03-07 17:10:00,2022-03-07 16:48:00,A,JFK,NEW YORK,UNITED STATES,3,LANDED,-22.0
AR,7856,2022-03-07 17:10:00,2022-03-07 16:48:00,A,JFK,NEW YORK,UNITED STATES,3,LANDED,-22.0
LY,008,2022-03-07 17:10:00,2022-03-07 16:48:00,A,JFK,NEW YORK,UNITED STATES,3,LANDED,-22.0
SU,508,2022-03-07 17:35:00,2022-03-07 16:57:00,A,SVO,MOSCOW,RUSSIAN FEDERATION,3,LANDED,-38.0
AM,7853,2022-03-07 16:50:00,2022-03-07 17:00:00,D,CDG,PARIS,FRANCE,3,DEPARTED,10.0
LY,325,2022-03-07 16:50:00,2022-03-07 17:00:00,D,CDG,PARIS,FRANCE,3,DEPARTED,10.0
6H,448,2022-03-07 16:30:00,2022-03-07 17:00:00,A,ETM,RAMON,ISRAEL,1,LANDED,30.0
LAU,N800T,2022-03-09 11:00:00,2022-03-08 06:36:00,D,BAH,BAHRAIN,BAHRAIN,3,DEPARTED,-1704.0
EK,2370,2024-02-12 10:10:00,2024-02-12 11:03:00,D,DXB,DUBAI,UNITED ARAB EMIRATES,3,DEPARTED,53.0
FZ,1550,2024-02-12 10:10:00,2024-02-12 11:03:00,D,DXB,DUBAI,UNITED ARAB EMIRATES,3,DEPARTED,53.0
FR,1842,2024-02-12 11:20:00,2024-02-12 11:23:00,A,FKB,BADEN BADEN,GERMANY,3,LANDED,3.0
A4,5026,2024-02-12 11:05:00,2024-02-12 11:31:00,D,AER,SOCHI,RUSSIAN FEDERATION,3,DEPARTED,26.0
IZ,413,2024-02-12 11:10:00,2024-02-12 11:34:00,D,BUS,BATUMI,GEORGIA,3,DEPARTED,24.0
EK,2450,2024-02-12 10:20:00,2024-02-12 11:55:00,A,DXB,DUBAI,UNITED ARAB EMIRATES,3,LANDED,95.0
FZ,1081,2024-02-12 10:20:00,2024-02-12 11:55:00,A,DXB,DUBAI,UNITED ARAB EMIRATES,3,LANDED,95.0
A3,926,2024-02-12 12:00:00,2024-02-12 12:05:00,A,ATH,ATHENS,GREECE,3,LANDED,5.0
JU,7620,2024-02-12 12:00:00,2024-02-12 12:05:00,A,ATH,ATHENS,GREECE,3,LANDED,5.0
LY,613,2024-02-12 11:45:00,2024-02-12 12:08:00,D,DME,MOSCOW,RUSSIAN FEDERATION,3,DEPARTED,23.0
AA,9261,2024-02-12 09:15:00,2024-02-12 12:11:00,D,LHR,LONDON,UNITED KINGDOM,3,DEPARTED,176.0
AM,7863,2024-02-12 09:15:00,2024-02-12 12:11:00,D,LHR,LONDON,UNITED KINGDOM,3,DEPARTED,176.0
LY,315,2024-02-12 09:15:00,2024-02-12 12:11:00,D,LHR,LONDON,UNITED KINGDOM,3,DEPARTED,176.0
SK,3181,2024-02-12 09:15:00,2024-02-12 12:11:00,D,LHR,LONDON,UNITED KINGDOM,3,DEPARTED,176.0
LY,542,2024-02-12 12:05:00,2024-02-12 12:14:00,A,ATH,ATHENS,GREECE,3,LANDED,9.0
LY,973,2024-02-12 11:50:00,2024-02-12 12:16:00,D,DXB,DUBAI,UNITED ARAB EMIRATES,3,DEPARTED,26.0
6H,47,2024-02-12 11:45:00,2024-02-12 12:19:00,D,ETM,RAMON,ISRAEL,3,DEPARTED,34.0
IZ,808,2024-02-12 12:35:00,2024-02-12 12:35:00,A,ETM,RAMON,ISRAEL,3,LANDED,0.0
HY,302,2024-02-12 12:35:00,2024-02-12 12:50:00,D,TAS,TASHKENT,UZBEKISTAN,3,DEPARTED,15.0
EY,593,2024-02-12 11:20:00,2024-02-12 12:56:00,A,AUH,ABU DHABI,UNITED ARAB EMIRATES,3,LANDED,96.0
LY,9600,2024-02-12 11:20:00,2024-02-12 12:56:00,A,AUH,ABU DHABI,UNITED ARAB EMIRATES,3,LANDED,96.0
EK,2363,2024-02-12 11:40:00,2024-02-12 12:59:00,A,DXB,DUBAI,UNITED ARAB EMIRATES,3,LANDED,79.0
FZ,1211,2024-02-12 11:40:00,2024-02-12 12:59:00,A,DXB,DUBAI,UNITED ARAB EMIRATES,3,LANDED,79.0
FR,1843,2024-02-12 12:10:00,2024-02-12 13:01:00,D,FKB,BADEN BADEN,GERMANY,3,DEPARTED,51.0
BZ,112,2024-02-12 12:40:00,2024-02-12 13:02:00,D,LCA,LARNACA,CYPRUS,3,DEPARTED,22.0
EK,2451,2024-02-12 11:35:00,2024-02-12 13:12:00,D,DXB,DUBAI,UNITED ARAB EMIRATES,3,DEPARTED,97.0
FZ,1082,2024-02-12 11:35:00,2024-02-12 13:12:00,D,DXB,DUBAI,UNITED ARAB EMIRATES,3,DEPARTED,97.0
B6,6466,2024-02-12 13:30:00,2024-02-12 13:21:00,A,BOS,BOSTON,UNITED STATES,3,LANDED,-9.0
DL,7436,2024-02-12 13:30:00,2024-02-12 13:21:00,A,BOS,BOSTON,UNITED STATES,3,LANDED,-9.0
LY,16,2024-02-12 13:30:00,2024-02-12 13:21:00,A,BOS,BOSTON,UNITED STATES,3,LANDED,-9.0
LY,11,2024-02-12 13:00:00,2024-02-12 13:23:00,D,JFK,NEW YORK,UNITED STATES,3,DEPARTED,23.0
A3,927,2024-02-12 12:50:00,2024-02-12 13:32:00,D,ATH,ATHENS,GREECE,3,DEPARTED,42.0
EK,4978,2024-02-12 12:50:00,2024-02-12 13:32:00,D,ATH,ATHENS,GREECE,3,DEPARTED,42.0
FB,1514,2024-02-12 12:50:00,2024-02-12 13:32:00,D,ATH,ATHENS,GREECE,3,DEPARTED,42.0
JU,7621,2024-02-12 12:50:00,2024-02-12 13:32:00,D,ATH,ATHENS,GREECE,3,DEPARTED,42.0
BZ,701,2024-02-12 13:30:00,2024-02-12 13:35:00,A,ATH,ATHENS,GREECE,3,LANDED,5.0
LY,574,2024-02-12 13:35:00,2024-02-12 13:40:00,A,OTP,BUCHAREST,ROMANIA,3,LANDED,5.0
IZ,815,2024-02-12 13:20:00,2024-02-12 13:49:00,D,ETM,RAMON,ISRAEL,3,DEPARTED,29.0
LY,552,2024-02-12 13:45:00,2024-02-12 13:51:00,A,SOF,SOFIA,BULGARIA,3,LANDED,6.0
6H,886,2024-02-12 13:55:00,2024-02-12 13:56:00,A,BUS,BATUMI,GEORGIA,3,LANDED,1.0
AM,7874,2024-02-12 13:50:00,2024-02-12 13:59:00,A,LAX,LOS ANGELES,UNITED STATES,3,LANDED,9.0
B6,6462,2024-02-12 13:50:00,2024-02-12 13:59:00,A,LAX,LOS ANGELES,UNITED STATES,3,LANDED,9.0
DL,7429,2024-02-12 13:50:00,2024-02-12 13:59:00,A,LAX,LOS ANGELES,UNITED STATES,3,LANDED,9.0
LY,6,2024-02-12 13:50:00,2024-02-12 13:59:00,A,LAX,LOS ANGELES,UNITED STATES,3,LANDED,9.0
B6,6482,2024-02-12 14:20:00,2024-02-12 14:09:00,A,EWR,NEWARK,UNITED STATES,3,LANDED,-11.0
DL,7442,2024-02-12 14:20:00,2024-02-12 14:09:00,A,EWR,NEWARK,UNITED STATES,3,LANDED,-11.0
LY,26,2024-02-12 14:20:00,2024-02-12 14:09:00,A,EWR,NEWARK,UNITED STATES,3,LANDED,-11.0
LY,375,2024-02-12 13:40:00,2024-02-12 14:09:00,D,LIS,LISBON,PORTUGAL,3,DEPARTED,29.0
TP,8920,2024-02-12 13:40:00,2024-02-12 14:09:00,D,LIS,LISBON,PORTUGAL,3,DEPARTED,29.0
6H,48,2024-02-12 14:25:00,2024-02-12 14:15:00,A,ETM,RAMON,ISRAEL,3,LANDED,-10.0
EY,594,2024-02-12 13:00:00,2024-02-12 14:16:00,D,AUH,ABU DHABI,UNITED ARAB EMIRATES,3,DEPARTED,76.0
LY,9601,2024-02-12 13:00:00,2024-02-12 14:16:00,D,AUH,ABU DHABI,UNITED ARAB EMIRATES,3,DEPARTED,76.0
EK,2364,2024-02-12 12:55:00,2024-02-12 14:29:00,D,DXB,DUBAI,UNITED ARAB EMIRATES,3,DEPARTED,94.0
FZ,1212,2024-02-12 12:55:00,2024-02-12 14:29:00,D,DXB,DUBAI,UNITED ARAB EMIRATES,3,DEPARTED,94.0
U8,108,2024-02-12 15:00:00,2024-02-12 14:38:00,A,LCA,LARNACA,CYPRUS,3,LANDED,-22.0
BZ,702,2024-02-12 14:30:00,2024-02-12 14:40:00,D,ATH,ATHENS,GREECE,3,DEPARTED,10.0
WZ,15,2024-02-12 13:20:00,2024-02-12 14:45:00,A,DME,MOSCOW,RUSSIAN FEDERATION,3,LANDED,85.0
LY,5107,2024-02-12 14:35:00,2024-02-12 14:49:00,D,TBS,TBILISI,GEORGIA,3,DEPARTED,14.0
EK,2345,2024-02-12 13:05:00,2024-02-12 14:50:00,A,DXB,DUBAI,UNITED ARAB EMIRATES,3,LANDED,105.0
FZ,1125,2024-02-12 13:05:00,2024-02-12 14:50:00,A,DXB,DUBAI,UNITED ARAB EMIRATES,3,LANDED,105.0
AR,7876,2024-02-12 14:30:00,2024-02-12 14:54:00,A,FCO,ROME,ITALY,3,LANDED,24.0
LY,386,2024-02-12 14:30:00,2024-02-12 14:54:00,A,FCO,ROME,ITALY,3,LANDED,24.0
LY,5101,2024-02-12 14:30:00,2024-02-12 14:54:00,D,WAW,WARSAW,POLAND,3,DEPARTED,24.0
LY,2366,2024-02-12 14:55:00,2024-02-12 15:01:00,A,BUD,BUDAPEST,HUNGARY,3,LANDED,6.0
6H,583,2024-02-12 15:00:00,2024-02-12 15:10:00,D,LCA,LARNACA,CYPRUS,3,DEPARTED,10.0
LO,153,2024-02-12 15:00:00,2024-02-12 15:25:00,A,WAW,WARSAW,POLAND,3,LANDED,25.0
LY,9254,2024-02-12 15:00:00,2024-02-12 15:25:00,A,WAW,WARSAW,POLAND,3,LANDED,25.0
FR,5389,2024-02-12 12:45:00,2024-02-12 15:28:00,A,FMM,MEMMINGEN,GERMANY,3,LANDED,163.0
AA,9264,2024-02-12 15:05:00,2024-02-12 15:35:00,A,MUC,MUNICH,GERMANY,3,LANDED,30.0
LY,354,2024-02-12 15:05:00,2024-02-12 15:35:00,A,MUC,MUNICH,GERMANY,3,LANDED,30.0
IZ,816,2024-02-12 15:35:00,2024-02-12 15:41:00,A,ETM,RAMON,ISRAEL,3,LANDED,6.0
IZ,212,2024-02-12 15:35:00,2024-02-12 15:44:00,A,ATH,ATHENS,GREECE,3,LANDED,9.0
LY,346,2024-02-12 16:00:00,2024-02-12 15:57:00,A,GVA,GENEVA,SWITZERLAND,3,LANDED,-3.0
LY,387,2024-02-12 15:45:00,2024-02-12 15:57:00,D,MXP,MILAN,ITALY,3,DEPARTED,12.0
SK,3183,2024-02-12 15:45:00,2024-02-12 15:57:00,D,MXP,MILAN,ITALY,3,DEPARTED,12.0
6H,843,2024-02-12 15:40:00,2024-02-12 16:03:00,D,RMO,CHISINAU,MOLDOVA,3,DEPARTED,23.0
LY,2372,2024-02-12 15:35:00,2024-02-12 16:04:00,A,BER,BERLIN,GERMANY,3,LANDED,29.0
SK,3154,2024-02-12 15:35:00,2024-02-12 16:04:00,A,BER,BERLIN,GERMANY,3,LANDED,29.0
WZ,4312,2024-02-12 14:15:00,2024-02-12 16:09:00,D,AER,SOCHI,RUSSIAN FEDERATION,3,DEPARTED,114.0
LY,382,2024-02-12 16:00:00,2024-02-12 16:24:00,A,MXP,MILAN,ITALY,3,LANDED,24.0
SK,3184,2024-02-12 16:00:00,2024-02-12 16:24:00,A,MXP,MILAN,ITALY,3,LANDED,24.0
LY,5120,2024-02-12 16:20:00,2024-02-12 16:27:00,A,KRK,KRAKOW,POLAND,3,LANDED,7.0
AM,7851,2024-02-12 16:10:00,2024-02-12 16:29:00,D,AMS,AMSTERDAM,NETHERLANDS,3,DEPARTED,19.0
LY,339,2024-02-12 16:10:00,2024-02-12 16:29:00,D,AMS,AMSTERDAM,NETHERLANDS,3,DEPARTED,19.0
SK,3151,2024-02-12 16:10:00,2024-02-12 16:29:00,D,AMS,AMSTERDAM,NETHERLANDS,3,DEPARTED,19.0
EK,2346,2024-02-12 14:20:00,2024-02-12 16:33:00,D,DXB,DUBAI,UNITED ARAB EMIRATES,3,DEPARTED,133.0
FZ,1126,2024-02-12 14:20:00,2024-02-12 16:33:00,D,DXB,DUBAI,UNITED ARAB EMIRATES,3,DEPARTED,133.0
U8,109,2024-02-12 16:20:00,2024-02-12 16:35:00,D,LCA,LARNACA,CYPRUS,3,DEPARTED,15.0
LX,252,2024-02-12 16:10:00,2024-02-12 16:38:00,A,ZRH,ZURICH,SWITZERLAND,3,LANDED,28.0
IB,2393,2024-02-12 16:40:00,2024-02-12 16:40:00,A,BCN,BARCELONA,SPAIN,3,LANDED,0.0
LY,394,2024-02-12 16:40:00,2024-02-12 16:40:00,A,BCN,BARCELONA,SPAIN,3,LANDED,0.0
FR,5390,2024-02-12 13:35:00,2024-02-12 16:42:00,D,FMM,MEMMINGEN,GERMANY,3,DEPARTED,187.0
LH,680,2024-02-12 16:05:00,2024-02-12 16:43:00,A,MUC,MUNICH,GERMANY,3,LANDED,38.0
SN,7171,2024-02-12 16:05:00,2024-02-12 16:43:00,A,MUC,MUNICH,GERMANY,3,LANDED,38.0
UA,9471,2024-02-12 16:05:00,2024-02-12 16:43:00,A,MUC,MUNICH,GERMANY,3,LANDED,38.0
LO,154,2024-02-12 16:05:00,2024-02-12 16:48:00,D,WAW,WARSAW,POLAND,3,DEPARTED,43.0
LY,9253,2024-02-12 16:05:00,2024-02-12 16:48:00,D,WAW,WARSAW,POLAND,3,DEPARTED,43.0
LY,338,2024-02-12 16:50:00,2024-02-12 16:50:00,A,AMS,AMSTERDAM,NETHERLANDS,3,CANCELED,0.0
SK,3150,2024-02-12 16:50:00,2024-02-12 16:50:00,A,AMS,AMSTERDAM,NETHERLANDS,3,CANCELED,0.0
AR,7879,2024-02-12 16:15:00,2024-02-12 16:52:00,D,FCO,ROME,ITALY,3,DEPARTED,37.0
LY,358,2024-02-12 16:05:00,2024-02-12 16:52:00,A,FRA,FRANKFURT,GERMANY,3,LANDED,47.0
LY,383,2024-02-12 16:15:00,2024-02-12 16:52:00,D,FCO,ROME,ITALY,3,DEPARTED,37.0
TP,8900,2024-02-12 16:15:00,2024-02-12 16:52:00,D,FCO,ROME,ITALY,3,DEPARTED,37.0
AM,7856,2024-02-12 17:10:00,2024-02-12 16:56:00,A,JFK,NEW YORK,UNITED STATES,3,LANDED,-14.0
AR,7856,2024-02-12 17:10:00,2024-02-12 16:56:00,A,JFK,NEW YORK,UNITED STATES,3,LANDED,-14.0
B6,6456,2024-02-12 17:10:00,2024-02-12 16:56:00,A,JFK,NEW YORK,UNITED STATES,3,LANDED,-14.0
DL,7431,2024-02-12 17:10:00,2024-02-12 16:56:00,A,JFK,NEW YORK,UNITED STATES,3,LANDED,-14.0
LY,8,2024-02-12 17:10:00,2024-02-12 16:56:00,A,JFK,NEW YORK,UNITED STATES,3,LANDED,-14.0
IZ,414,2024-02-12 17:00:00,2024-02-12 16:59:00,A,BUS,BATUMI,GEORGIA,3,LANDED,-1.0
IZ,821,2024-02-12 16:30:00,2024-02-12 17:00:00,D,ETM,RAMON,ISRAEL,3,DEPARTED,30.0
AM,7853,2024-02-12 16:50:00,2024-02-12 17:04:00,D,CDG,PARIS,FRANCE,3,DEPARTED,14.0
LY,325,2024-02-12 16:50:00,2024-02-12 17:04:00,D,CDG,PARIS,FRANCE,3,DEPARTED,14.0
6H,662,2024-02-12 15:50:00,2024-02-12 17:14:00,A,DXB,DUBAI,UNITED ARAB EMIRATES,3,LANDED,84.0
LY,363,2024-02-12 16:15:00,2024-02-12 17:23:00,D,VIE,VIENNA,AUSTRIA,3,DEPARTED,68.0
AM,7877,2024-02-12 17:15:00,2024-02-12 17:27:00,D,LHR,LONDON,UNITED KINGDOM,3,DEPARTED,12.0
LY,317,2024-02-12 17:15:00,2024-02-12 17:27:00,D,LHR,LONDON,UNITED KINGDOM,3,DEPARTED,12.0
LY,543,2024-02-12 17:15:00,2024-02-12 17:30:00,D,ATH,ATHENS,GREECE,3,DEPARTED,15.0
LY,83,2024-02-12 17:25:00,2024-02-12 17:35:00,D,BKK,BANGKOK,THAILAND,3,DEPARTED,10.0
QF,5018,2024-02-12 17:25:00,2024-02-12 17:35:00,D,BKK,BANGKOK,THAILAND,3,DEPARTED,10.0
TG,4586,2024-02-12 17:25:00,2024-02-12 17:35:00,D,BKK,BANGKOK,THAILAND,3,DEPARTED,10.0
6H,584,2024-02-12 18:10:00,2024-02-12 17:39:00,A,LCA,LARNACA,CYPRUS,3,LANDED,-31.0
LY,348,2024-02-12 17:35:00,2024-02-12 17:43:00,A,ZRH,ZURICH,SWITZERLAND,3,LANDED,8.0
SK,3188,2024-02-12 17:35:00,2024-02-12 17:43:00,A,ZRH,ZURICH,SWITZERLAND,3,LANDED,8.0
AA,9266,2024-02-12 17:50:00,2024-02-12 17:47:00,A,MAD,MADRID,SPAIN,3,LANDED,-3.0
AM,7859,2024-02-12 17:50:00,2024-02-12 17:47:00,A,MAD,MADRID,SPAIN,3,LANDED,-3.0
AR,7872,2024-02-12 17:50:00,2024-02-12 17:47:00,A,MAD,MADRID,SPAIN,3,LANDED,-3.0
IB,2395,2024-02-12 17:50:00,2024-02-12 17:47:00,A,MAD,MADRID,SPAIN,3,LANDED,-3.0
LY,396,2024-02-12 17:50:00,2024-02-12 17:47:00,A,MAD,MADRID,SPAIN,3,LANDED,-3.0
6H,726,2024-02-12 17:45:00,2024-02-12 17:52:00,A,BUD,BUDAPEST,HUNGARY,3,LANDED,7.0
LY,2523,2024-02-12 17:45:00,2024-02-12 18:01:00,D,PRG,PRAGUE,CZECH REPUBLIC,3,DEPARTED,16.0
LY,571,2024-02-12 17:50:00,2024-02-12 18:03:00,D,OTP,BUCHAREST,ROMANIA,3,DEPARTED,13.0
LY,5109,2024-02-12 17:30:00,2024-02-12 18:06:00,D,TBS,TBILISI,GEORGIA,3,DEPARTED,36.0
LH,681,2024-02-12 17:10:00,2024-02-12 18:18:00,D,MUC,MUNICH,GERMANY,3,DEPARTED,68.0
SN,7172,2024-02-12 17:10:00,2024-02-12 18:18:00,D,MUC,MUNICH,GERMANY,3,DEPARTED,68.0
LX,253,2024-02-12 17:10:00,2024-02-12 18:20:00,D,ZRH,ZURICH,SWITZERLAND,3,DEPARTED,70.0
LY,312,2024-02-12 18:35:00,2024-02-12 18:36:00,A,LTN,LONDON LUTON,UNITED KINGDOM,3,LANDED,1.0
6H,45,2024-02-12 17:00:00,2024-02-12 18:48:00,D,ETM,RAMON,ISRAEL,3,DEPARTED,108.0
IZ,822,2024-02-12 18:55:00,2024-02-12 18:52:00,A,ETM,RAMON,ISRAEL,3,LANDED,-3.0
6H,561,2024-02-12 18:50:00,2024-02-12 19:11:00,D,ATH,ATHENS,GREECE,3,DEPARTED,21.0
AA,9259,2024-02-12 20:00:00,2024-02-12 19:55:00,A,CDG,PARIS,FRANCE,3,LANDED,-5.0
AM,7862,2024-02-12 20:00:00,2024-02-12 19:55:00,A,CDG,PARIS,FRANCE,3,LANDED,-5.0
LY,324,2024-02-12 20:00:00,2024-02-12 19:55:00,A,CDG,PARIS,FRANCE,3,LANDED,-5.0
SK,3160,2024-02-12 20:00:00,2024-02-12 19:55:00,A,CDG,PARIS,FRANCE,3,LANDED,-5.0
IZ,827,2024-02-12 19:40:00,2024-02-12 19:58:00,D,ETM,RAMON,ISRAEL,3,DEPARTED,18.0
LY,5133,2024-02-12 20:00:00,2024-02-12 20:15:00,D,LCA,LARNACA,CYPRUS,3,DEPARTED,15.0
6H,46,2024-02-12 19:30:00,2024-02-12 20:43:00,A,ETM,RAMON,ISRAEL,3,LANDED,73.0
LY,87,2024-02-12 20:35:00,2024-02-12 20:45:00,D,HKT,PHUKET,THAILAND,3,DEPARTED,10.0
LY,5108,2024-02-12 20:50:00,2024-02-12 20:57:00,A,TBS,TBILISI,GEORGIA,3,LANDED,7.0
LY,81,2024-02-12 20:05:00,2024-02-12 20:58:00,D,BKK,BANGKOK,THAILAND,3,DEPARTED,53.0
QF,5020,2024-02-12 20:05:00,2024-02-12 20:58:00,D,BKK,BANGKOK,THAILAND,3,DEPARTED,53.0
TG,4584,2024-02-12 20:05:00,2024-02-12 20:58:00,D,BKK,BANGKOK,THAILAND,3,DEPARTED,53.0
VN,3298,2024-02-12 20:05:00,2024-02-12 20:58:00,D,BKK,BANGKOK,THAILAND,3,DEPARTED,53.0
LY,612,2024-02-12 20:55:00,2024-02-12 21:08:00,A,DME,MOSCOW,RUSSIAN FEDERATION,3,LANDED,13.0
S7,4483,2024-02-12 20:55:00,2024-02-12 21:08:00,A,DME,MOSCOW,RUSSIAN FEDERATION,3,LANDED,13.0
LY,974,2024-02-12 21:45:00,2024-02-12 21:31:00,A,DXB,DUBAI,UNITED ARAB EMIRATES,3,LANDED,-14.0
IZ,828,2024-02-12 21:45:00,2024-02-12 21:38:00,A,ETM,RAMON,ISRAEL,3,LANDED,-7.0
6H,844,2024-02-12 22:25:00,2024-02-12 22:23:00,A,RMO,CHISINAU,MOLDOVA,3,LANDED,-2.0
LY,544,2024-02-12 22:25:00,2024-02-12 22:35:00,A,ATH,ATHENS,GREECE,3,LANDED,10.0
LY,84,2024-02-12 22:50:00,2024-02-12 22:44:00,A,BKK,BANGKOK,THAILAND,3,LANDED,-6.0
QF,5019,2024-02-12 22:50:00,2024-02-12 22:44:00,A,BKK,BANGKOK,THAILAND,3,LANDED,-6.0
TG,4585,2024-02-12 22:50:00,2024-02-12 22:44:00,A,BKK,BANGKOK,THAILAND,3,LANDED,-6.0
VN,3295,2024-02-12 22:50:00,2024-02-12 22:44:00,A,BKK,BANGKOK,THAILAND,3,LANDED,-6.0
LY,5134,2024-02-12 23:10:00,2024-02-12 22:57:00,A,LCA,LARNACA,CYPRUS,3,LANDED,-13.0
AA,9260,2024-02-12 21:05:00,2024-02-12 23:08:00,A,LHR,LONDON,UNITED KINGDOM,3,LANDED,123.0
LY,316,2024-02-12 21:05:00,2024-02-12 23:08:00,A,LHR,LONDON,UNITED KINGDOM,3,LANDED,123.0
LY,5102,2024-02-12 23:10:00,2024-02-12 23:21:00,A,WAW,WARSAW,POLAND,3,LANDED,11.0
6H,562,2024-02-13 00:05:00,2024-02-13 00:08:00,A,ATH,ATHENS,GREECE,3,LANDED,3.0
LY,572,2024-02-13 00:20:00,2024-02-13 00:09:00,A,OTP,BUCHAREST,ROMANIA,3,LANDED,-11.0
LY,5110,2024-02-12 23:50:00,2024-02-13 00:13:00,A,TBS,TBILISI,GEORGIA,3,LANDED,23.0
LY,614,2024-02-13 00:20:00,2024-02-13 00:37:00,A,DME,MOSCOW,RUSSIAN FEDERATION,3,LANDED,17.0
AA,387,2024-02-13 00:35:00,2024-02-13 00:49:00,A,FCO,ROME,ITALY,3,LANDED,14.0
AR,7874,2024-02-13 00:35:00,2024-02-13 00:49:00,A,FCO,ROME,ITALY,3,LANDED,14.0
LY,384,2024-02-13 00:35:00,2024-02-13 00:49:00,A,FCO,ROME,ITALY,3,LANDED,14.0
SK,3166,2024-02-13 00:35:00,2024-02-13 00:49:00,A,FCO,ROME,ITALY,3,LANDED,14.0
TP,8897,2024-02-13 00:35:00,2024-02-13 00:49:00,A,FCO,ROME,ITALY,3,LANDED,14.0
IZ,639,2024-02-13 00:30:00,2024-02-13 00:52:00,D,SEZ,MAHE SEYCHELLES,SEYCHELLES,3,DEPARTED,22.0
ET,404,2024-02-13 01:05:00,2024-02-13 00:54:00,A,ADD,ADDIS ABABA,ETHIOPIA,3,LANDED,-11.0
LY,8804,2024-02-13 01:05:00,2024-02-13 00:54:00,A,ADD,ADDIS ABABA,ETHIOPIA,3,LANDED,-11.0
LY,364,2024-02-13 00:35:00,2024-02-13 01:00:00,A,VIE,VIENNA,AUSTRIA,3,LANDED,25.0
LY,388,2024-02-13 00:55:00,2024-02-13 01:07:00,A,MXP,MILAN,ITALY,3,LANDED,12.0
SK,3180,2024-02-13 00:55:00,2024-02-13 01:07:00,A,MXP,MILAN,ITALY,3,LANDED,12.0
TP,8901,2024-02-13 00:55:00,2024-02-13 01:07:00,A,MXP,MILAN,ITALY,3,LANDED,12.0
AM,7869,2024-02-13 00:45:00,2024-02-13 01:10:00,D,JFK,NEW YORK,UNITED STATES,3,DEPARTED,25.0
AR,7853,2024-02-13 00:45:00,2024-02-13 01:10:00,D,JFK,NEW YORK,UNITED STATES,3,DEPARTED,25.0
B6,6451,2024-02-13 00:45:00,2024-02-13 01:10:00,D,JFK,NEW YORK,UNITED STATES,3,DEPARTED,25.0
DL,7424,2024-02-13 00:45:00,2024-02-13 01:10:00,D,JFK,NEW YORK,UNITED STATES,3,DEPARTED,25.0
LY,1,2024-02-13 00:45:00,2024-02-13 01:10:00,D,JFK,NEW YORK,UNITED STATES,3,DEPARTED,25.0
B6,6465,2024-02-13 01:05:00,2024-02-13 01:25:00,D,BOS,BOSTON,UNITED STATES,3,DEPARTED,20.0
DL,7435,2024-02-13 01:05:00,2024-02-13 01:25:00,D,BOS,BOSTON,UNITED STATES,3,DEPARTED,20.0
LY,15,2024-02-13 01:05:00,2024-02-13 01:25:00,D,BOS,BOSTON,UNITED STATES,3,DEPARTED,20.0
AM,7875,2024-02-13 00:45:00,2024-02-13 01:28:00,D,LAX,LOS ANGELES,UNITED STATES,3,DEPARTED,43.0
B6,6461,2024-02-13 00:45:00,2024-02-13 01:28:00,D,LAX,LOS ANGELES,UNITED STATES,3,DEPARTED,43.0
DL,7428,2024-02-13 00:45:00,2024-02-13 01:28:00,D,LAX,LOS ANGELES,UNITED STATES,3,DEPARTED,43.0
LY,5,2024-02-13 00:45:00,2024-02-13 01:28:00,D,LAX,LOS ANGELES,UNITED STATES,3,DEPARTED,43.0
AR,7851,2024-02-13 01:00:00,2024-02-13 01:34:00,D,MIA,MIAMI,UNITED STATES,3,DEPARTED,34.0
B6,6467,2024-02-13 01:00:00,2024-02-13 01:34:00,D,MIA,MIAMI,UNITED STATES,3,DEPARTED,34.0
DL,7437,2024-02-13 01:00:00,2024-02-13 01:34:00,D,MIA,MIAMI,UNITED STATES,3,DEPARTED,34.0
LY,17,2024-02-13 01:00:00,2024-02-13 01:34:00,D,MIA,MIAMI,UNITED STATES,3,DEPARTED,34.0
B6,6483,2024-02-13 00:50:00,2024-02-13 01:40:00,D,EWR,NEWARK,UNITED STATES,3,DEPARTED,50.0
DL,7443,2024-02-13 00:50:00,2024-02-13 01:40:00,D,EWR,NEWARK,UNITED STATES,3,DEPARTED,50.0
LY,27,2024-02-13 00:50:00,2024-02-13 01:40:00,D,EWR,NEWARK,UNITED STATES,3,DEPARTED,50.0
ET,405,2024-02-13 02:05:00,2024-02-13 02:18:00,D,ADD,ADDIS ABABA,ETHIOPIA,3,DEPARTED,13.0
LY,8807,2024-02-13 02:05:00,2024-02-13 02:18:00,D,ADD,ADDIS ABABA,ETHIOPIA,3,DEPARTED,13.0
LY,376,2024-02-13 02:30:00,2024-02-13 02:28:00,A,LIS,LISBON,PORTUGAL,3,LANDED,-2.0
TP,8913,2024-02-13 02:30:00,2024-02-13 02:28:00,A,LIS,LISBON,PORTUGAL,3,LANDED,-2.0
LY,2524,2024-02-13 02:45:00,2024-02-13 02:39:00,A,PRG,PRAGUE,CZECH REPUBLIC,3,LANDED,-6.0
AM,7850,2024-02-13 02:55:00,2024-02-13 02:59:00,A,AMS,AMSTERDAM,NETHERLANDS,3,LANDED,4.0
LY,336,2024-02-13 02:55:00,2024-02-13 02:59:00,A,AMS,AMSTERDAM,NETHERLANDS,3,LANDED,4.0
SK,3152,2024-02-13 02:55:00,2024-02-13 02:59:00,A,AMS,AMSTERDAM,NETHERLANDS,3,LANDED,4.0
OS,859,2024-02-13 02:50:00,2024-02-13 03:03:00,A,VIE,VIENNA,AUSTRIA,3,LANDED,13.0
AM,7854,2024-02-13 03:55:00,2024-02-13 03:59:00,A,CDG,PARIS,FRANCE,3,LANDED,4.0
LY,326,2024-02-13 03:55:00,2024-02-13 03:59:00,A,CDG,PARIS,FRANCE,3,LANDED,4.0
SK,3158,2024-02-13 03:55:00,2024-02-13 03:59:00,A,CDG,PARIS,FRANCE,3,LANDED,4.0
NH,5620,2024-02-13 03:50:00,2024-02-13 04:34:00,D,VIE,VIENNA,AUSTRIA,3,DEPARTED,44.0
OS,860,2024-02-13 03:50:00,2024-02-13 04:34:00,D,VIE,VIENNA,AUSTRIA,3,DEPARTED,44.0
AA,9267,2024-02-13 05:05:00,2024-02-13 05:05:00,A,LHR,LONDON,UNITED KINGDOM,3,CANCELED,0.0
AM,7876,2024-02-13 05:05:00,2024-02-13 05:05:00,A,LHR,LONDON,UNITED KINGDOM,3,CANCELED,0.0
LY,318,2024-02-13 05:05:00,2024-02-13 05:05:00,A,LHR,LONDON,UNITED KINGDOM,3,CANCELED,0.0
SK,3174,2024-02-13 05:05:00,2024-02-13 05:05:00,A,LHR,LONDON,UNITED KINGDOM,3,CANCELED,0.0
AA,9262,2024-02-13 05:55:00,2024-02-13 05:59:00,D,CDG,PARIS,FRANCE,3,DEPARTED,4.0
AM,7867,2024-02-13 05:55:00,2024-02-13 05:59:00,D,CDG,PARIS,FRANCE,3,DEPARTED,4.0
LY,4,2024-02-13 06:50:00,2024-02-13 05:59:00,A,JFK,NEW YORK,UNITED STATES,3,LANDED,-51.0
LY,319,2024-02-13 05:55:00,2024-02-13 05:59:00,D,CDG,PARIS,FRANCE,3,DEPARTED,4.0
SK,3161,2024-02-13 05:55:00,2024-02-13 05:59:00,D,CDG,PARIS,FRANCE,3,DEPARTED,4.0
B6,6484,2024-02-13 06:35:00,2024-02-13 06:11:00,A,EWR,NEWARK,UNITED STATES,3,LANDED,-24.0
DL,7444,2024-02-13 06:35:00,2024-02-13 06:11:00,A,EWR,NEWARK,UNITED STATES,3,LANDED,-24.0
LY,28,2024-02-13 06:35:00,2024-02-13 06:11:00,A,EWR,NEWARK,UNITED STATES,3,LANDED,-24.0
AM,7864,2024-02-13 06:05:00,2024-02-13 06:16:00,D,AMS,AMSTERDAM,NETHERLANDS,3,DEPARTED,11.0
LY,337,2024-02-13 06:05:00,2024-02-13 06:16:00,D,AMS,AMSTERDAM,NETHERLANDS,3,DEPARTED,11.0
SK,3155,2024-02-13 06:05:00,2024-02-13 06:16:00,D,AMS,AMSTERDAM,NETHERLANDS,3,DEPARTED,11.0
LY,5129,2024-02-13 06:00:00,2024-02-13 06:18:00,D,RMO,CHISINAU,MOLDOVA,3,DEPARTED,18.0
LY,82,2024-02-13 06:15:00,2024-02-13 06:20:00,A,BKK,BANGKOK,THAILAND,3,LANDED,5.0
QF,5021,2024-02-13 06:15:00,2024-02-13 06:20:00,A,BKK,BANGKOK,THAILAND,3,LANDED,5.0
TG,5483,2024-02-13 06:15:00,2024-02-13 06:20:00,A,BKK,BANGKOK,THAILAND,3,LANDED,5.0
VN,3299,2024-02-13 06:15:00,2024-02-13 06:20:00,A,BKK,BANGKOK,THAILAND,3,LANDED,5.0
AR,7877,2024-02-13 06:10:00,2024-02-13 06:24:00,D,FCO,ROME,ITALY,3,DEPARTED,14.0
LY,385,2024-02-13 06:10:00,2024-02-13 06:24:00,D,FCO,ROME,ITALY,3,DEPARTED,14.0
SK,3167,2024-02-13 06:10:00,2024-02-13 06:24:00,D,FCO,ROME,ITALY,3,DEPARTED,14.0
TP,8898,2024-02-13 06:10:00,2024-02-13 06:24:00,D,FCO,ROME,ITALY,3,DEPARTED,14.0
LY,2371,2024-02-13 06:00:00,2024-02-13 06:28:00,D,BER,BERLIN,GERMANY,3,DEPARTED,28.0
SK,3157,2024-02-13 06:00:00,2024-02-13 06:28:00,D,BER,BERLIN,GERMANY,3,DEPARTED,28.0
AA,9265,2024-02-13 06:15:00,2024-02-13 06:32:00,D,MAD,MADRID,SPAIN,3,DEPARTED,17.0
AM,7879,2024-02-13 06:15:00,2024-02-13 06:32:00,D,MAD,MADRID,SPAIN,3,DEPARTED,17.0
AR,7871,2024-02-13 06:15:00,2024-02-13 06:32:00,D,MAD,MADRID,SPAIN,3,DEPARTED,17.0
IB,2394,2024-02-13 06:15:00,2024-02-13 06:32:00,D,MAD,MADRID,SPAIN,3,DEPARTED,17.0
LY,395,2024-02-13 06:15:00,2024-02-13 06:32:00,D,MAD,MADRID,SPAIN,3,DEPARTED,17.0
IB,2392,2024-02-13 06:30:00,2024-02-13 06:38:00,D,BCN,BARCELONA,SPAIN,3,DEPARTED,8.0
LY,393,2024-02-13 06:30:00,2024-02-13 06:38:00,D,BCN,BARCELONA,SPAIN,3,DEPARTED,8.0
AA,9263,2024-02-13 06:00:00,2024-02-13 06:40:00,D,MUC,MUNICH,GERMANY,3,DEPARTED,40.0
LY,353,2024-02-13 06:00:00,2024-02-13 06:40:00,D,MUC,MUNICH,GERMANY,3,DEPARTED,40.0
AR,7850,2024-02-13 07:45:00,2024-02-13 06:55:00,A,MIA,MIAMI,UNITED STATES,3,LANDED,-50.0
B6,6468,2024-02-13 07:45:00,2024-02-13 06:55:00,A,MIA,MIAMI,UNITED STATES,3,LANDED,-50.0
DL,7438,2024-02-13 07:45:00,2024-02-13 06:55:00,A,MIA,MIAMI,UNITED STATES,3,LANDED,-50.0
LY,18,2024-02-13 07:45:00,2024-02-13 06:55:00,A,MIA,MIAMI,UNITED STATES,3,LANDED,-50.0
LY,573,2024-02-13 07:00:00,2024-02-13 07:03:00,D,OTP,BUCHAREST,ROMANIA,3,DEPARTED,3.0
LY,381,2024-02-13 06:50:00,2024-02-13 07:06:00,D,MXP,MILAN,ITALY,3,DEPARTED,16.0
SK,3185,2024-02-13 06:50:00,2024-02-13 07:06:00,D,MXP,MILAN,ITALY,3,DEPARTED,16.0
TP,8910,2024-02-13 06:50:00,2024-02-13 07:06:00,D,MXP,MILAN,ITALY,3,DEPARTED,16.0
IZ,801,2024-02-13 07:00:00,2024-02-13 07:08:00,D,ETM,RAMON,ISRAEL,3,DEPARTED,8.0
LY,2365,2024-02-13 07:05:00,2024-02-13 07:22:00,D,BUD,BUDAPEST,HUNGARY,3,DEPARTED,17.0
LY,347,2024-02-13 07:20:00,2024-02-13 07:33:00,D,ZRH,ZURICH,SWITZERLAND,3,DEPARTED,13.0
SK,3189,2024-02-13 07:20:00,2024-02-13 07:33:00,D,ZRH,ZURICH,SWITZERLAND,3,DEPARTED,13.0
LY,24,2024-02-13 08:20:00,2024-02-13 07:40:00,A,EWR,NEWARK,UNITED STATES,3,LANDED,-40.0
6H,43,2024-02-13 07:30:00,2024-02-13 07:41:00,D,ETM,RAMON,ISRAEL,3,DEPARTED,11.0
LY,551,2024-02-13 07:30:00,2024-02-13 07:43:00,D,SOF,SOFIA,BULGARIA,3,DEPARTED,13.0
6H,661,2024-02-13 07:20:00,2024-02-13 08:04:00,D,DXB,DUBAI,UNITED ARAB EMIRATES,3,DEPARTED,44.0
IZ,2821,2024-02-13 08:10:00,2024-02-13 08:08:00,D,ETM,RAMON,ISRAEL,3,DEPARTED,-2.0
6H,885,2024-02-13 08:10:00,2024-02-13 08:24:00,D,BUS,BATUMI,GEORGIA,3,DEPARTED,14.0
EK,2369,2024-02-13 08:55:00,2024-02-13 08:26:00,A,DXB,DUBAI,UNITED ARAB EMIRATES,3,LANDED,-29.0
FZ,1549,2024-02-13 08:55:00,2024-02-13 08:26:00,A,DXB,DUBAI,UNITED ARAB EMIRATES,3,LANDED,-29.0
LY,611,2024-02-13 08:20:00,2024-02-13 08:26:00,D,DME,MOSCOW,RUSSIAN FEDERATION,3,DEPARTED,6.0
S7,4482,2024-02-13 08:20:00,2024-02-13 08:26:00,D,DME,MOSCOW,RUSSIAN FEDERATION,3,DEPARTED,6.0
6H,225,2024-02-13 08:10:00,2024-02-13 08:29:00,D,RVN,ROVANIEMI,FINLAND,3,DEPARTED,19.0
LY,541,2024-02-13 08:30:00,2024-02-13 08:51:00,D,ATH,ATHENS,GREECE,3,DEPARTED,21.0
IZ,802,2024-02-13 09:15:00,2024-02-13 09:02:00,A,ETM,RAMON,ISRAEL,3,LANDED,-13.0
LY,5141,2024-02-13 09:10:00,2024-02-13 09:25:00,D,LCA,LARNACA,CYPRUS,3,DEPARTED,15.0
AA,9261,2024-02-13 09:15:00,2024-02-13 09:30:00,D,LHR,LONDON,UNITED KINGDOM,3,DEPARTED,15.0
AM,7863,2024-02-13 09:15:00,2024-02-13 09:30:00,D,LHR,LONDON,UNITED KINGDOM,3,DEPARTED,15.0
LY,315,2024-02-13 09:15:00,2024-02-13 09:30:00,D,LHR,LONDON,UNITED KINGDOM,3,DEPARTED,15.0
SK,3181,2024-02-13 09:15:00,2024-02-13 09:30:00,D,LHR,LONDON,UNITED KINGDOM,3,DEPARTED,15.0
6H,44,2024-02-13 09:55:00,2024-02-13 09:34:00,A,ETM,RAMON,ISRAEL,3,LANDED,-21.0
AM,7868,2024-02-13 10:20:00,2024-02-13 09:39:00,A,JFK,NEW YORK,UNITED STATES,3,LANDED,-41.0
AR,7852,2024-02-13 10:20:00,2024-02-13 09:39:00,A,JFK,NEW YORK,UNITED STATES,3,LANDED,-41.0
B6,6450,2024-02-13 10:20:00,2024-02-13 09:39:00,A,JFK,NEW YORK,UNITED STATES,3,LANDED,-41.0
DL,7425,2024-02-13 10:20:00,2024-02-13 09:39:00,A,JFK,NEW YORK,UNITED STATES,3,LANDED,-41.0
LY,2,2024-02-13 10:20:00,2024-02-13 09:39:00,A,JFK,NEW YORK,UNITED STATES,3,LANDED,-41.0
EK,2450,2024-02-13 10:20:00,2024-02-13 09:53:00,A,DXB,DUBAI,UNITED ARAB EMIRATES,3,LANDED,-27.0
FZ,1081,2024-02-13 10:20:00,2024-02-13 09:53:00,A,DXB,DUBAI,UNITED ARAB EMIRATES,3,LANDED,-27.0
AM,7885,2024-02-13 09:00:00,2024-02-13 09:54:00,D,CDG,PARIS,FRANCE,3,DEPARTED,54.0
LY,323,2024-02-13 09:00:00,2024-02-13 09:54:00,D,CDG,PARIS,FRANCE,3,DEPARTED,54.0
SK,3163,2024-02-13 09:00:00,2024-02-13 09:54:00,D,CDG,PARIS,FRANCE,3,DEPARTED,54.0
LY,311,2024-02-13 09:40:00,2024-02-13 10:00:00,D,LTN,LONDON LUTON,UNITED KINGDOM,3,DEPARTED,20.0
LY,5101,2024-02-13 10:00:00,2024-02-13 10:16:00,D,WAW,WARSAW,POLAND,3,DEPARTED,16.0
LY,3,2024-02-13 10:00:00,2024-02-13 10:21:00,D,JFK,NEW YORK,UNITED STATES,3,DEPARTED,21.0
EK,2370,2024-02-13 10:10:00,2024-02-13 10:24:00,D,DXB,DUBAI,UNITED ARAB EMIRATES,3,DEPARTED,14.0
FZ,1550,2024-02-13 10:10:00,2024-02-13 10:24:00,D,DXB,DUBAI,UNITED ARAB EMIRATES,3,DEPARTED,14.0
IZ,2822,2024-02-13 10:35:00,2024-02-13 10:24:00,A,ETM,RAMON,ISRAEL,3,LANDED,-11.0
LY,3237,2024-02-14 08:00:00,2024-02-14 08:00:00,D,AMS,AMSTERDAM,NETHERLANDS,3,CANCELED,0.0
6H,564,2024-02-14 15:45:00,2024-02-14 15:45:00,A,ATH,ATHENS,GREECE,3,CANCELED,0.0
LY,3238,2024-02-15 04:00:00,2024-02-15 04:00:00,A,AMS,AMSTERDAM,NETHERLANDS,3,CANCELED,0.0
